row_index,customer_id
0,1053
1,2991
2,1789
3,765
4,3248
5,1102
6,1666
7,280
8,3194
9,4045
10,2345
11,3306
12,4619
13,1695
14,1663
15,2112
16,4518
17,890
18,4461
19,3356
20,2019
21,2727
22,158
23,4013
24,3626
25,2092
26,3968
27,4268
28,1095
29,3912
30,3258
31,4231
32,706
33,600
34,2570
35,3989
36,2835
37,2239
38,4563
39,1783
40,2814
41,2842
42,3955
43,228
44,4416
45,3135
46,4678
47,3495
48,4513
49,241
50,732
51,30
52,107
53,4802
54,3881
55,1845
56,3472
57,2374
58,4858
59,1169
60,2158
61,2816
62,799
63,3987
64,66
65,2700
66,1505
67,180
68,1422
69,625
70,24
71,2060
72,682
73,1631
74,1091
75,502
76,4444
77,229
78,4138
79,4639
80,3788
81,2221
82,3711
83,1413
84,2684
85,85
86,4455
87,4587
88,4309
89,2379
90,2697
91,1210
92,2766
93,334
94,2093
95,200
96,2883
97,1433
98,808
99,4195
100,3436
101,3574
102,1030
103,3493
104,1520
105,4849
106,1955
107,2405
108,4310
109,4131
110,2122
111,80
112,4293
113,3292
114,3045
115,4733
116,3167
117,4542
118,2074
119,734
120,3952
121,3434
122,2219
123,1742
124,297
125,3560
126,712
127,897
128,3950
129,374
130,1558
131,4149
132,1500
133,4618
134,472
135,1035
136,1515
137,4237
138,1733
139,1271
140,3935
141,4437
142,4419
143,2586
144,3636
145,656
146,1293
147,4752
148,427
149,2421
150,2136
151,1075
152,4840
153,1323
154,415
155,2485
156,2147
157,590
158,169
159,3519
160,2241
161,997
162,3670
163,1865
164,9
165,3186
166,498
167,4335
168,145
169,658
170,2026
171,298
172,3781
173,1254
174,152
175,1744
176,2628
177,1198
178,3228
179,3162
180,4835
181,3409
182,1393
183,3941
184,1414
185,1540
186,2588
187,1706
188,3833
189,2999
190,4530
191,4260
192,3610
193,1445
194,101
195,2820
196,1205
197,1324
198,1026
199,4059
200,1616
201,2388
202,1753
203,4999
204,1232
205,4422
206,3012
207,2506
208,4382
209,1211
210,3945
211,1913
212,3527
213,2528
214,2606
215,3984
216,473
217,2844
218,4215
219,4081
220,3596
221,1256
222,4773
223,1748
224,3917
225,4979
226,3297
227,3265
228,249
229,34
230,2797
231,3684
232,506
233,3081
234,894
235,627
236,3190
237,1673
238,2518
239,2723
240,3040
241,1872
242,2852
243,970
244,417
245,1361
246,231
247,4871
248,3660
249,545
250,1245
251,3318
252,995
253,1621
254,1757
255,4821
256,1341
257,1819
258,813
259,3510
260,3910
261,3009
262,3969
263,4994
264,3621
265,1085
266,1104
267,932
268,3059
269,3879
270,1145
271,423
272,1437
273,725
274,1418
275,3738
276,3567
277,927
278,2291
279,150
280,4090
281,3102
282,4093
283,13
284,469
285,3264
286,3874
287,1894
288,3705
289,1438
290,1860
291,1841
292,3659
293,2105
294,3612
295,812
296,2664
297,1269
298,1962
299,3707
300,2878
301,4545
302,4264
303,394
304,2631
305,585
306,4965
307,492
308,2651
309,3041
310,133
311,1589
312,1739
313,4986
314,1019
315,4379
316,4703
317,2308
318,288
319,2211
320,3130
321,4576
322,1407
323,2367
324,2292
325,950
326,3478
327,3887
328,3405
329,2296
330,4224
331,4612
332,4486
333,4340
334,2222
335,1042
336,3846
337,4339
338,3883
339,2305
340,4403
341,430
342,1045
343,1808
344,4953
345,3655
346,830
347,2978
348,1719
349,466
350,3961
351,1372
352,1457
353,1188
354,3163
355,4646
356,678
357,487
358,2232
359,1039
360,764
361,2956
362,3656
363,3755
364,3652
365,766
366,4271
367,291
368,2120
369,3540
370,253
371,3261
372,351
373,3708
374,3204
375,1740
376,677
377,91
378,3827
379,4881
380,4119
381,3056
382,27
383,3717
384,4898
385,722
386,2064
387,3964
388,2471
389,2318
390,2859
391,878
392,3317
393,3789
394,255
395,4822
396,4796
397,4249
398,4321
399,4734
400,2100
401,4740
402,3981
403,2535
404,4658
405,316
406,1262
407,842
408,2744
409,554
410,2023
411,3132
412,70
413,3605
414,747
415,2424
416,4457
417,1703
418,3122
419,4694
420,3354
421,2068
422,3649
423,3996
424,2154
425,1840
426,388
427,2469
428,3703
429,3932
430,3719
431,1371
432,411
433,1439
434,110
435,4057
436,1136
437,2128
438,2610
439,692
440,1579
441,2963
442,4142
443,3706
444,3255
445,4812
446,486
447,556
448,4632
449,4421
450,2772
451,2861
452,1109
453,3913
454,2270
455,3931
456,178
457,2906
458,916
459,81
460,3269
461,578
462,2300
463,3312
464,3795
465,1392
466,222
467,94
468,3647
469,4360
470,843
471,539
472,3015
473,1435
474,1056
475,3774
476,3687
477,811
478,2216
479,2987
480,735
481,4521
482,1863
483,4072
484,531
485,2923
486,3413
487,3127
488,3624
489,4141
490,1747
491,684
492,4568
493,1130
494,4275
495,2652
496,801
497,2118
498,3381
499,4267
500,220
501,1870
502,2246
503,4357
504,4085
505,4695
506,2678
507,44
508,2285
509,211
510,1618
511,355
512,3810
513,2314
514,4564
515,562
516,368
517,587
518,3735
519,2846
520,136
521,804
522,48
523,3159
524,2322
525,4857
526,4684
527,4976
528,1935
529,62
530,1768
531,634
532,96
533,479
534,1724
535,4823
536,4603
537,1118
538,2777
539,4222
540,323
541,1294
542,2230
543,1659
544,1570
545,2441
546,2496
547,3679
548,2961
549,292
550,1002
551,2095
552,534
553,4517
554,1096
555,3793
556,2012
557,4598
558,1559
559,1171
560,4037
561,2418
562,4064
563,4722
564,3796
565,2084
566,4622
567,1011
568,4779
569,752
570,3937
571,4730
572,4536
573,4931
574,1426
575,1877
576,1546
577,4889
578,3236
579,4163
580,1193
581,2253
582,2860
583,3455
584,1895
585,671
586,829
587,2145
588,1700
589,908
590,2175
591,71
592,912
593,3866
594,2621
595,3253
596,4225
597,2754
598,839
599,1613
600,1150
601,3535
602,1076
603,2452
604,2795
605,2821
606,2022
607,3769
608,1306
609,3672
610,1889
611,3251
612,2373
613,2909
614,3797
615,1633
616,2243
617,4853
618,3918
619,3543
620,3581
621,4928
622,4890
623,643
624,2975
625,3615
626,3811
627,234
628,4577
629,1610
630,416
631,2472
632,654
633,3623
634,1601
635,18
636,1861
637,2461
638,2390
639,597
640,4872
641,2168
642,2858
643,4760
644,1816
645,4936
646,372
647,3039
648,599
649,239
650,3616
651,1814
652,1944
653,1718
654,4838
655,2139
656,2560
657,3481
658,3694
659,2765
660,2477
661,2553
662,788
663,1544
664,3741
665,4263
666,3726
667,2245
668,4488
669,4221
670,3049
671,1434
672,622
673,2313
674,3648
675,567
676,1486
677,3753
678,3586
679,52
680,2143
681,3047
682,3120
683,4375
684,535
685,3200
686,3103
687,444
688,2690
689,196
690,3484
691,777
692,2227
693,2823
694,3018
695,3063
696,2981
697,2576
698,2938
699,645
700,806
701,3538
702,1352
703,4866
704,121
705,2489
706,4808
707,4899
708,2465
709,3183
710,135
711,2804
712,3639
713,2299
714,185
715,1336
716,1667
717,512
718,1322
719,4073
720,3759
721,4229
722,3733
723,3680
724,743
725,252
726,1174
727,3960
728,3903
729,2171
730,123
731,2355
732,1670
733,1478
734,568
735,3668
736,3201
737,1676
738,1804
739,882
740,1216
741,3775
742,2629
743,4426
744,721
745,2726
746,3892
747,2466
748,3211
749,603
750,4199
751,1898
752,3946
753,3853
754,319
755,3098
756,4904
757,275
758,1874
759,550
760,4992
761,4674
762,4903
763,2950
764,606
765,4039
766,528
767,4065
768,4285
769,4913
770,3791
771,4837
772,1832
773,299
774,2806
775,4256
776,1594
777,2179
778,4932
779,4266
780,2178
781,1599
782,2537
783,757
784,1483
785,2488
786,2073
787,1296
788,1097
789,1908
790,4784
791,377
792,4166
793,2536
794,4669
795,928
796,379
797,1176
798,2457
799,2577
800,4869
801,1346
802,2620
803,1685
804,2058
805,1537
806,2529
807,2288
808,4879
809,795
810,2521
811,3521
812,1222
813,176
814,1787
815,3425
816,1979
817,46
818,2768
819,860
820,4668
821,4168
822,1527
823,2192
824,3011
825,3014
826,1780
827,1704
828,3114
829,2604
830,284
831,1554
832,4145
833,4712
834,1567
835,1259
836,857
837,2087
838,2417
839,4926
840,1875
841,4617
842,2096
843,978
844,1398
845,2460
846,4570
847,1942
848,2527
849,953
850,100
851,1074
852,4465
853,3465
854,4896
855,352
856,2747
857,1159
858,1057
859,965
860,719
861,2776
862,3576
863,1539
864,309
865,1535
866,834
867,367
868,3397
869,2094
870,4867
871,3782
872,2556
873,1127
874,20
875,3266
876,2944
877,2590
878,219
879,2639
880,439
881,1966
882,3376
883,3304
884,4282
885,2433
886,4661
887,3780
888,2779
889,803
890,3013
891,2289
892,3742
893,4451
894,583
895,204
896,4061
897,3432
898,2265
899,2196
900,3423
901,1607
902,1048
903,1425
904,2882
905,1963
906,3366
907,518
908,2985
909,3337
910,4856
911,669
912,3113
913,1428
914,4922
915,4507
916,1261
917,2440
918,3768
919,4270
920,3358
921,3408
922,1376
923,760
924,2848
925,4333
926,2686
927,3022
928,4396
929,2510
930,215
931,3347
932,1484
933,694
934,2183
935,4732
936,2134
937,1116
938,1785
939,4739
940,1213
941,4882
942,197
943,4606
944,4729
945,1058
946,880
947,1823
948,1938
949,1331
950,2269
951,888
952,3033
953,69
954,2498
955,1936
956,569
957,1653
958,97
959,1021
960,2875
961,140
962,3104
963,2618
964,1506
965,1363
966,2648
967,3287
968,4765
969,2293
970,4424
971,464
972,2896
973,4188
974,2005
975,595
976,1339
977,626
978,451
979,3748
980,4302
981,4326
982,4836
983,1593
984,1050
985,3554
986,1910
987,4600
988,4011
989,151
990,1737
991,3967
992,4685
993,1481
994,89
995,458
996,4376
997,2941
998,3286
999,4891
1000,2017
1001,1671
1002,3665
1003,832
1004,240
1005,4692
1006,1000
1007,1449
1008,2916
1009,1974
1010,2996
1011,193
1012,4240
1013,3762
1014,3862
1015,945
1016,4191
1017,1184
1018,4241
1019,1033
1020,4435
1021,4691
1022,2032
1023,3429
1024,2132
1025,3974
1026,3485
1027,4330
1028,1833
1029,2955
1030,2986
1031,3241
1032,1624
1033,4906
1034,4927
1035,192
1036,1488
1037,3099
1038,3332
1039,3830
1040,4476
1041,1730
1042,4027
1043,2808
1044,3663
1045,4585
1046,3414
1047,4933
1048,4877
1049,167
1050,1615
1051,3277
1052,1025
1053,1452
1054,4332
1055,2237
1056,2330
1057,4391
1058,3313
1059,4718
1060,153
1061,4024
1062,4699
1063,3400
1064,1972
1065,1182
1066,2990
1067,4329
1068,2115
1069,4833
1070,4054
1071,1590
1072,32
1073,938
1074,2548
1075,1996
1076,3134
1077,310
1078,3976
1079,1472
1080,3129
1081,2224
1082,496
1083,206
1084,2689
1085,3373
1086,3849
1087,306
1088,3812
1089,1809
1090,1062
1091,844
1092,2729
1093,2267
1094,212
1095,3734
1096,680
1097,566
1098,3131
1099,3712
1100,681
1101,181
1102,4870
1103,1236
1104,2332
1105,4284
1106,279
1107,1129
1108,3713
1109,433
1110,290
1111,1028
1112,536
1113,4354
1114,189
1115,2277
1116,3934
1117,3590
1118,271
1119,3456
1120,4094
1121,2173
1122,4234
1123,112
1124,2484
1125,221
1126,628
1127,1201
1128,3372
1129,2438
1130,791
1131,2329
1132,462
1133,4413
1134,552
1135,4104
1136,1175
1137,199
1138,4033
1139,3363
1140,403
1141,4579
1142,4183
1143,4774
1144,4988
1145,4813
1146,4473
1147,651
1148,709
1149,1502
1150,4425
1151,3991
1152,2233
1153,2342
1154,315
1155,1221
1156,4485
1157,114
1158,961
1159,2926
1160,3275
1161,1648
1162,3338
1163,2624
1164,3210
1165,1771
1166,3430
1167,4539
1168,1838
1169,1946
1170,2499
1171,4052
1172,3309
1173,4201
1174,4393
1175,2595
1176,2116
1177,1345
1178,2877
1179,3341
1180,4864
1181,3938
1182,1651
1183,790
1184,2281
1185,4655
1186,4572
1187,872
1188,1721
1189,1591
1190,2728
1191,74
1192,1778
1193,1617
1194,1362
1195,3025
1196,1967
1197,4586
1198,3828
1199,2260
1200,2900
1201,2223
1202,495
1203,3146
1204,3530
1205,1282
1206,1165
1207,1243
1208,1756
1209,1993
1210,2195
1211,1727
1212,619
1213,4934
1214,1882
1215,1630
1216,4767
1217,2089
1218,3426
1219,870
1220,4709
1221,1043
1222,3385
1223,357
1224,1163
1225,2781
1226,2255
1227,3166
1228,3947
1229,1790
1230,3807
1231,3658
1232,1273
1233,3151
1234,333
1235,1555
1236,2752
1237,2555
1238,3686
1239,1655
1240,1117
1241,4077
1242,3571
1243,4630
1244,3904
1245,4456
1246,446
1247,2616
1248,453
1249,4811
1250,4445
1251,4555
1252,15
1253,3108
1254,946
1255,248
1256,4184
1257,361
1258,4667
1259,3379
1260,2319
1261,1492
1262,4776
1263,1774
1264,4633
1265,4372
1266,4895
1267,2868
1268,491
1269,863
1270,1766
1271,2228
1272,1903
1273,2463
1274,4113
1275,507
1276,2693
1277,2016
1278,4388
1279,1223
1280,1114
1281,1933
1282,3439
1283,1375
1284,4782
1285,434
1286,3876
1287,3170
1288,2851
1289,2108
1290,2649
1291,4125
1292,4636
1293,2437
1294,4995
1295,1103
1296,1770
1297,1892
1298,2155
1299,3861
1300,157
1301,4921
1302,2891
1303,616
1304,644
1305,2881
1306,2081
1307,1069
1308,3300
1309,4290
1310,4635
1311,4164
1312,331
1313,4007
1314,3017
1315,2670
1316,623
1317,3860
1318,3139
1319,3435
1320,2917
1321,1947
1322,1584
1323,4407
1324,756
1325,519
1326,3822
1327,33
1328,2953
1329,1158
1330,745
1331,2482
1332,2419
1333,1973
1334,2884
1335,784
1336,4491
1337,2523
1338,230
1339,858
1340,4911
1341,2378
1342,409
1343,171
1344,541
1345,2226
1346,2320
1347,3482
1348,614
1349,4950
1350,1834
1351,3454
1352,1162
1353,2427
1354,2381
1355,1619
1356,1635
1357,1508
1358,2214
1359,565
1360,4615
1361,4258
1362,2439
1363,4797
1364,2400
1365,1421
1366,4939
1367,3492
1368,3930
1369,2743
1370,2500
1371,1406
1372,1173
1373,4327
1374,326
1375,1052
1376,4977
1377,3310
1378,2901
1379,2785
1380,1197
1381,621
1382,1565
1383,2895
1384,1190
1385,329
1386,649
1387,898
1388,1490
1389,1124
1390,1919
1391,4654
1392,4387
1393,1420
1394,3817
1395,2589
1396,4716
1397,3270
1398,3695
1399,2078
1400,1024
1401,3008
1402,2407
1403,1627
1404,4295
1405,2949
1406,810
1407,2866
1408,979
1409,4522
1410,2706
1411,3263
1412,4449
1413,2789
1414,4158
1415,1514
1416,3479
1417,2043
1418,175
1419,3291
1420,1989
1421,1504
1422,4472
1423,218
1424,3933
1425,3739
1426,691
1427,2593
1428,3801
1429,3474
1430,1107
1431,1551
1432,2442
1433,1552
1434,612
1435,3257
1436,3730
1437,577
1438,2079
1439,4446
1440,1181
1441,889
1442,3144
1443,3925
1444,2679
1445,818
1446,3293
1447,1887
1448,209
1449,294
1450,1120
1451,2229
1452,2252
1453,1265
1454,991
1455,4294
1456,1533
1457,354
1458,1879
1459,3657
1460,4026
1461,2571
1462,3064
1463,1229
1464,260
1465,1542
1466,4804
1467,4750
1468,4842
1469,2597
1470,53
1471,2212
1472,1868
1473,3572
1474,3654
1475,2803
1476,2898
1477,1480
1478,1034
1479,1098
1480,1470
1481,544
1482,1047
1483,1922
1484,1596
1485,31
1486,726
1487,2451
1488,4529
1489,3922
1490,1427
1491,2513
1492,437
1493,4746
1494,913
1495,4232
1496,4174
1497,4523
1498,4311
1499,2303
1500,2707
1501,1239
1502,904
1503,4244
1504,3160
1505,4005
1506,508
1507,4511
1508,184
1509,4336
1510,1498
1511,3888
1512,322
1513,2520
1514,1534
1515,3814
1516,2396
1517,2701
1518,4626
1519,2660
1520,4448
1521,1147
1522,4474
1523,45
1524,2526
1525,3467
1526,1850
1527,1379
1528,4845
1529,3028
1530,414
1531,2174
1532,1408
1533,2125
1534,802
1535,1289
1536,2198
1537,2458
1538,1722
1539,2334
1540,257
1541,4540
1542,1715
1543,1152
1544,2317
1545,648
1546,4495
1547,4245
1548,4217
1549,3787
1550,1316
1551,2030
1552,3254
1553,2481
1554,3728
1555,1351
1556,2516
1557,113
1558,3149
1559,264
1560,1394
1561,1906
1562,1187
1563,2368
1564,57
1565,1310
1566,696
1567,4213
1568,4763
1569,1752
1570,1925
1571,4031
1572,320
1573,2338
1574,683
1575,2331
1576,4697
1577,3566
1578,3524
1579,3857
1580,287
1581,2187
1582,4274
1583,3362
1584,1745
1585,1741
1586,3516
1587,1836
1588,2099
1589,737
1590,3351
1591,337
1592,3502
1593,4562
1594,2657
1595,4415
1596,1072
1597,2306
1598,1698
1599,3593
1600,3634
1601,4123
1602,4955
1603,3382
1604,1489
1605,499
1606,4355
1607,3246
1608,2573
1609,2601
1610,3289
1611,4423
1612,2146
1613,1611
1614,2352
1615,4202
1616,3249
1617,1023
1618,2298
1619,4897
1620,2705
1621,3079
1622,2046
1623,666
1624,3951
1625,2654
1626,1927
1627,4276
1628,2182
1629,1018
1630,558
1631,2415
1632,1208
1633,3868
1634,2672
1635,4380
1636,1511
1637,4288
1638,246
1639,1164
1640,4400
1641,267
1642,3075
1643,1115
1644,64
1645,2608
1646,4972
1647,2979
1648,3027
1649,3092
1650,3920
1651,4352
1652,2275
1653,2578
1654,3517
1655,1238
1656,104
1657,2659
1658,273
1659,509
1660,4347
1661,4944
1662,4075
1663,866
1664,4198
1665,909
1666,3476
1667,4110
1668,3915
1669,1628
1670,4973
1671,1523
1672,836
1673,359
1674,139
1675,300
1676,1557
1677,1004
1678,383
1679,942
1680,4228
1681,4553
1682,762
1683,1731
1684,2824
1685,4731
1686,2102
1687,4609
1688,899
1689,4018
1690,3803
1691,1403
1692,2380
1693,3804
1694,4397
1695,2971
1696,1513
1697,1189
1698,3771
1699,4929
1700,3895
1701,3949
1702,109
1703,2749
1704,2324
1705,3504
1706,59
1707,77
1708,797
1709,369
1710,4916
1711,786
1712,2104
1713,4392
1714,2035
1715,2124
1716,3779
1717,2414
1718,1729
1719,122
1720,1871
1721,2385
1722,3661
1723,911
1724,125
1725,4478
1726,1587
1727,1258
1728,3457
1729,3497
1730,3399
1731,1179
1732,2856
1733,3486
1734,4589
1735,2119
1736,443
1737,3101
1738,2887
1739,926
1740,2348
1741,2375
1742,4781
1743,1412
1744,3483
1745,3023
1746,1510
1747,1228
1748,3619
1749,2371
1750,3529
1751,2165
1752,3296
1753,325
1754,3095
1755,3272
1756,2037
1757,3314
1758,3051
1759,1499
1760,1503
1761,1007
1762,2635
1763,4909
1764,3533
1765,1468
1766,1226
1767,2006
1768,2283
1769,2111
1770,1217
1771,3995
1772,4287
1773,421
1774,3438
1775,7
1776,933
1777,1692
1778,440
1779,1314
1780,679
1781,4180
1782,4621
1783,2003
1784,2479
1785,4644
1786,2903
1787,2534
1788,4943
1789,4056
1790,3942
1791,4255
1792,2793
1793,2656
1794,195
1795,1475
1796,4297
1797,1212
1798,2756
1799,1658
1800,2716
1801,3035
1802,4095
1803,3627
1804,1873
1805,1878
1806,1131
1807,1462
1808,277
1809,4873
1810,2347
1811,2312
1812,1303
1813,3065
1814,223
1815,4651
1816,4384
1817,574
1818,1237
1819,3561
1820,3689
1821,1335
1822,2810
1823,419
1824,268
1825,1105
1826,258
1827,296
1828,2532
1829,387
1830,3324
1831,3106
1832,2575
1833,4047
1834,4346
1835,4129
1836,4162
1837,4395
1838,1564
1839,1920
1840,1401
1841,713
1842,2365
1843,2943
1844,210
1845,3962
1846,1290
1847,2615
1848,450
1849,4103
1850,2585
1851,1821
1852,959
1853,1794
1854,4952
1855,655
1856,2423
1857,3871
1858,2408
1859,1761
1860,2370
1861,3940
1862,4370
1863,412
1864,1775
1865,4463
1866,2202
1867,4092
1868,3723
1869,4322
1870,4785
1871,3721
1872,4641
1873,4687
1874,3575
1875,1984
1876,3383
1877,4151
1878,3587
1879,431
1880,3124
1881,3838
1882,1367
1883,2611
1884,3840
1885,1177
1886,3348
1887,1477
1888,3168
1889,4969
1890,103
1891,1943
1892,4925
1893,1264
1894,3378
1895,3154
1896,4510
1897,3077
1898,2755
1899,3604
1900,3905
1901,2989
1902,1644
1903,4516
1904,1
1905,1581
1906,4433
1907,4126
1908,1357
1909,3407
1910,2343
1911,2406
1912,2053
1913,2234
1914,397
1915,4115
1916,1065
1917,4624
1918,2169
1919,819
1920,1813
1921,2568
1922,1553
1923,3136
1924,817
1925,1573
1926,4526
1927,1801
1928,4946
1929,382
1930,3334
1931,3842
1932,2310
1933,3520
1934,4941
1935,1781
1936,2742
1937,2623
1938,2349
1939,865
1940,3036
1941,3180
1942,555
1943,1160
1944,1214
1945,4236
1946,3617
1947,49
1948,3164
1949,701
1950,653
1951,3882
1952,3327
1953,749
1954,1456
1955,4205
1956,2101
1957,2025
1958,867
1959,753
1960,1645
1961,93
1962,4608
1963,3117
1964,2448
1965,2645
1966,1491
1967,2911
1968,4374
1969,730
1970,2733
1971,2487
1972,3997
1973,1937
1974,1746
1975,4450
1976,4020
1977,4102
1978,1958
1979,1111
1980,3353
1981,4051
1982,4482
1983,4167
1984,347
1985,1186
1986,4025
1987,1516
1988,4680
1989,579
1990,1965
1991,76
1992,1430
1993,3752
1994,4441
1995,4324
1996,4963
1997,1847
1998,132
1999,179
2000,2965
2001,4477
2002,2711
2003,4702
2004,1843
2005,2218
2006,3594
2007,2389
2008,605
2009,2643
2010,26
2011,659
2012,1897
2013,3545
2014,4769
2015,174
2016,1612
2017,438
2018,332
2019,1455
2020,343
2021,3214
2022,2562
2023,1089
2024,480
2025,728
2026,3802
2027,977
2028,2054
2029,2993
2030,1929
2031,1469
2032,1225
2033,3729
2034,1953
2035,4841
2036,4616
2037,1893
2038,1300
2039,3806
2040,4610
2041,661
2042,4761
2043,2410
2044,4571
2045,2992
2046,4735
2047,3067
2048,2719
2049,3614
2050,3207
2051,1279
2052,3086
2053,1622
2054,3692
2055,2847
2056,68
2057,4265
2058,4627
2059,3809
2060,821
2061,1227
2062,3007
2063,4273
2064,2759
2065,4468
2066,4280
2067,3365
2068,1144
2069,398
2070,2922
2071,4312
2072,3037
2073,1399
2074,1660
2075,980
2076,1299
2077,3419
2078,83
2079,3709
2080,2474
2081,3758
2082,3800
2083,2304
2084,424
2085,4350
2086,1905
2087,4625
2088,4120
2089,4317
2090,1566
2091,3371
2092,840
2093,501
2094,142
2095,1378
2096,4016
2097,3260
2098,1139
2099,3097
2100,1788
2101,2582
2102,551
2103,3115
2104,2020
2105,949
2106,2276
2107,533
2108,1830
2109,2933
2110,4429
2111,3890
2112,1603
2113,640
2114,4843
2115,968
2116,4248
2117,2641
2118,1684
2119,4481
2120,2358
2121,156
2122,2630
2123,4160
2124,1090
2125,3821
2126,4251
2127,289
2128,931
2129,2551
2130,2278
2131,3387
2132,2699
2133,3894
2134,943
2135,3878
2136,4673
2137,1699
2138,4719
2139,3197
2140,2522
2141,2827
2142,986
2143,2788
2144,3083
2145,2584
2146,4788
2147,982
2148,2750
2149,2446
2150,4698
2151,2958
2152,3544
2153,4708
2154,1458
2155,1396
2156,265
2157,3683
2158,930
2159,3076
2160,2708
2161,247
2162,3608
2163,1759
2164,4915
2165,2826
2166,924
2167,3096
2168,269
2169,670
2170,2751
2171,1911
2172,3001
2173,1153
2174,4828
2175,3471
2176,4252
2177,3896
2178,2188
2179,2998
2180,1916
2181,613
2182,3751
2183,4604
2184,1899
2185,1650
2186,3169
2187,259
2188,848
2189,4373
2190,1234
2191,1128
2192,1968
2193,559
2194,4778
2195,485
2196,1321
2197,2760
2198,8
2199,3460
2200,3205
2201,1451
2202,3999
2203,1815
2204,774
2205,1012
2206,2834
2207,2464
2208,1992
2209,1278
2210,1784
2211,4066
2212,447
2213,881
2214,4470
2215,782
2216,1750
2217,3404
2218,4892
2219,884
2220,2945
2221,1092
2222,4672
2223,532
2224,4041
2225,3340
2226,4590
2227,1728
2228,611
2229,571
2230,2687
2231,3044
2232,344
2233,3016
2234,3155
2235,435
2236,1904
2237,3823
2238,2790
2239,2070
2240,1538
2241,2268
2242,2362
2243,1518
2244,966
2245,4417
2246,529
2247,177
2248,4595
2249,4109
2250,4308
2251,573
2252,2315
2253,3525
2254,2940
2255,3227
2256,4328
2257,2209
2258,2581
2259,2771
2260,384
2261,853
2262,1881
2263,371
2264,4338
2265,4334
2266,1106
2267,2587
2268,3965
2269,1337
2270,2190
2271,4605
2272,2673
2273,3618
2274,2946
2275,4859
2276,1172
2277,3993
2278,4279
2279,1423
2280,3208
2281,4128
2282,4363
2283,1465
2284,875
2285,2340
2286,4351
2287,1252
2288,4970
2289,841
2290,3085
2291,582
2292,205
2293,1642
2294,2015
2295,906
2296,632
2297,4794
2298,1975
2299,163
2300,3188
2301,2880
2302,4506
2303,618
2304,4087
2305,1432
2306,548
2307,3350
2308,4557
2309,4233
2310,2403
2311,2681
2312,2493
2313,4084
2314,1862
2315,641
2316,3003
2317,638
2318,4121
2319,3929
2320,3002
2321,2097
2322,3911
2323,4032
2324,3693
2325,2857
2326,922
2327,547
2328,3685
2329,1901
2330,2029
2331,2302
2332,1886
2333,1643
2334,3526
2335,4820
2336,2098
2337,4368
2338,4663
2339,4505
2340,4978
2341,837
2342,602
2343,2185
2344,3884
2345,2805
2346,4318
2347,1583
2348,4726
2349,3319
2350,3978
2351,1071
2352,1776
2353,4819
2354,1284
2355,3066
2356,4764
2357,1837
2358,4253
2359,1020
2360,3221
2361,1327
2362,476
2363,3464
2364,1652
2365,4017
2366,4296
2367,4190
2368,4671
2369,2599
2370,1374
2371,740
2372,4408
2373,4693
2374,868
2375,1141
2376,998
2377,1338
2378,542
2379,1100
2380,1133
2381,4083
2382,4130
2383,2259
2384,4006
2385,60
2386,4204
2387,1939
2388,2592
2389,4947
2390,1079
2391,3380
2392,3143
2393,2504
2394,941
2395,1081
2396,188
2397,2650
2398,2086
2399,2250
2400,4901
2401,2024
2402,2698
2403,4067
2404,3625
2405,227
2406,3320
2407,1930
2408,3936
2409,4787
2410,1405
2411,2180
2412,698
2413,1125
2414,2811
2415,2935
2416,1779
2417,2874
2418,1038
2419,4185
2420,2257
2421,314
2422,2282
2423,1417
2424,1037
2425,2160
2426,4173
2427,1755
2428,3128
2429,3635
2430,4975
2431,4531
2432,3361
2433,4751
2434,1507
2435,1924
2436,449
2437,2459
2438,2544
2439,4980
2440,4574
2441,362
2442,2184
2443,1135
2444,3899
2445,2156
2446,1831
2447,1054
2448,23
2449,2067
2450,1654
2451,2603
2452,3226
2453,2813
2454,4055
2455,2326
2456,461
2457,1068
2458,88
2459,1431
2460,2663
2461,283
2462,463
2463,213
2464,2634
2465,1369
2466,235
2467,3552
2468,598
2469,4431
2470,2251
2471,4050
2472,2284
2473,663
2474,4974
2475,2286
2476,4727
2477,3209
2478,2519
2479,3448
2480,780
2481,4211
2482,3442
2483,4874
2484,4469
2485,4846
2486,686
2487,3185
2488,4254
2489,4122
2490,2172
2491,3556
2492,1851
2493,488
2494,1689
2495,2231
2496,3280
2497,2321
2498,783
2499,522
2500,523
2501,3600
2502,3971
2503,2399
2504,2208
2505,3494
2506,3569
2507,3756
2508,2838
2509,1512
2510,1883
2511,652
2512,2802
2513,3406
2514,370
2515,2655
2516,119
2517,4014
2518,3050
2519,2217
2520,3559
2521,1614
2522,4257
2523,963
2524,2511
2525,3564
2526,4652
2527,3461
2528,3048
2529,2416
2530,4665
2531,4247
2532,2186
2533,2837
2534,2038
2535,4272
2536,773
2537,1285
2538,4614
2539,4747
2540,1415
2541,1235
2542,2715
2543,436
2544,1675
2545,366
2546,2665
2547,232
2548,4278
2549,4060
2550,4410
2551,408
2552,2091
2553,87
2554,845
2555,1032
2556,2647
2557,4078
2558,4289
2559,3245
2560,2674
2561,856
2562,79
2563,2248
2564,4581
2565,3675
2566,2928
2567,2925
2568,2280
2569,4951
2570,4169
2571,3889
2572,3444
2573,2177
2574,425
2575,393
2576,4805
2577,3650
2578,105
2579,3921
2580,3152
2581,1949
2582,1460
2583,3897
2584,2819
2585,2722
2586,4800
2587,1588
2588,4223
2589,1732
2590,4775
2591,3732
2592,3700
2593,1792
2594,2356
2595,1941
2596,703
2597,2443
2598,2830
2599,497
2600,465
2601,2703
2602,4344
2603,173
2604,4096
2605,4807
2606,2541
2607,3278
2608,4210
2609,2261
2610,2113
2611,901
2612,1447
2613,3592
2614,742
2615,2294
2616,2453
2617,2843
2618,4097
2619,1207
2620,510
2621,3290
2622,2818
2623,3367
2624,1550
2625,3283
2626,2203
2627,2567
2628,2695
2629,2045
2630,768
2631,4883
2632,4154
2633,422
2634,124
2635,4543
2636,2644
2637,820
2638,1404
2639,1383
2640,2149
2641,1576
2642,1639
2643,1796
2644,4826
2645,400
2646,2311
2647,883
2648,4984
2649,4161
2650,1353
2651,2758
2652,4561
2653,2131
2654,983
2655,457
2656,3850
2657,1080
2658,1951
2659,4325
2660,690
2661,2430
2662,642
2663,2393
2664,1954
2665,2764
2666,4454
2667,3451
2668,3352
2669,4777
2670,3335
2671,1885
2672,390
2673,2495
2674,3133
2675,2907
2676,846
2677,543
2678,92
2679,3908
2680,1980
2681,2828
2682,4100
2683,2918
2684,2530
2685,1677
2686,1049
2687,1961
2688,2531
2689,4502
2690,238
2691,4127
2692,3505
2693,1134
2694,1806
2695,4153
2696,164
2697,3509
2698,4720
2699,3865
2700,3690
2701,3215
2702,3653
2703,3958
2704,1812
2705,3986
2706,3165
2707,1429
2708,3632
2709,4386
2710,3412
2711,4471
2712,4855
2713,2836
2714,1453
2715,594
2716,42
2717,561
2718,2952
2719,3743
2720,244
2721,1340
2722,4038
2723,4809
2724,3818
2725,1443
2726,262
2727,3177
2728,1690
2729,1726
2730,4560
2731,835
2732,1867
2733,2497
2734,2011
2735,341
2736,3322
2737,1602
2738,3019
2739,4705
2740,481
2741,2930
2742,3919
2743,3410
2744,4649
2745,3506
2746,4009
2747,1767
2748,4484
2749,2454
2750,2893
2751,3834
2752,4035
2753,4688
2754,3698
2755,1272
2756,4512
2757,3110
2758,4152
2759,348
2760,3900
2761,4634
2762,2563
2763,4601
2764,1424
2765,657
2766,2103
2767,633
2768,2908
2769,2494
2770,2666
2771,3231
2772,3980
2773,3323
2774,3514
2775,3613
2776,2501
2777,1466
2778,4704
2779,116
2780,1822
2781,1495
2782,2402
2783,1233
2784,2662
2785,2888
2786,4642
2787,1154
2788,3867
2789,58
2790,3411
2791,4464
2792,4956
2793,1736
2794,2197
2795,3784
2796,2476
2797,2565
2798,3174
2799,4053
2800,3674
2801,708
2802,4291
2803,1094
2804,3805
2805,1377
2806,4924
2807,73
2808,1923
2809,3189
2810,1765
2811,744
2812,2894
2813,1006
2814,2669
2815,1191
2816,4664
2817,2602
2818,1126
2819,1242
2820,3631
2821,4140
2822,4852
2823,999
2824,4793
2825,2685
2826,1578
2827,4801
2828,1827
2829,3308
2830,5000
2831,3553
2832,441
2833,4962
2834,1101
2835,4029
2836,4954
2837,650
2838,1547
2839,3555
2840,3577
2841,3816
2842,3760
2843,631
2844,673
2845,1250
2846,483
2847,1585
2848,3090
2849,4638
2850,3054
2851,1463
2852,3948
2853,3640
2854,2579
2855,3820
2856,50
2857,4300
2858,3072
2859,859
2860,1073
2861,720
2862,3173
2863,2632
2864,4884
2865,1661
2866,1657
2867,2426
2868,3541
2869,4239
2870,4985
2871,4432
2872,4487
2873,3321
2874,4762
2875,4136
2876,2607
2877,1386
2878,3854
2879,1400
2880,1196
2881,1409
2882,3843
2883,1799
2884,1476
2885,3232
2886,36
2887,3558
2888,2346
2889,3193
2890,2360
2891,2207
2892,3786
2893,1287
2894,350
2895,2138
2896,2692
2897,3394
2898,4535
2899,1682
2900,4040
2901,1444
2902,3259
2903,1672
2904,2969
2905,1180
2906,2799
2907,1693
2908,3893
2909,373
2910,3629
2911,1917
2912,1358
2913,1826
2914,787
2915,470
2916,141
2917,789
2918,324
2919,51
2920,715
2921,4499
2922,2841
2923,2447
2924,4824
2925,4430
2926,4607
2927,3699
2928,2667
2929,407
2930,4385
2931,1005
2932,3528
2933,891
2934,2412
2935,2546
2936,3622
2937,2391
2938,3959
2939,43
2940,2831
2941,4146
2942,304
2943,4524
2944,3766
2945,665
2946,1178
2947,2677
2948,1948
2949,2502
2950,1474
2951,3500
2952,3537
2953,2133
2954,1027
2955,962
2956,2890
2957,3972
2958,2010
2959,2150
2960,3339
2961,2339
2962,3907
2963,305
2964,1441
2965,1497
2966,2653
2967,2876
2968,917
2969,4894
2970,3740
2971,2773
2972,1625
2973,3856
2974,822
2975,3808
2976,1355
2977,4508
2978,851
2979,1001
2980,3393
2981,19
2982,1638
2983,1668
2984,494
2985,1348
2986,3746
2987,3271
2988,3633
2989,3498
2990,688
2991,3750
2992,1609
2993,4101
2994,4114
2995,1010
2996,2409
2997,1093
2998,1328
2999,1678
3000,2000
3001,1311
3002,3274
3003,1988
3004,3667
3005,345
3006,4196
3007,987
3008,3870
3009,3826
3010,4323
3011,4021
3012,3107
3013,3872
3014,1143
3015,2359
3016,1199
3017,86
3018,1519
3019,517
3020,1382
3021,2717
3022,4917
3023,1015
3024,129
3025,1365
3026,3642
3027,3140
3028,892
3029,2794
3030,4218
3031,1360
3032,308
3033,1662
3034,2432
3035,4550
3036,1318
3037,4314
3038,2475
3039,2543
3040,1247
3041,1209
3042,217
3043,4303
3044,3078
3045,1240
3046,2290
3047,2741
3048,276
3049,490
3050,1036
3051,1230
3052,4596
3053,1009
3054,4076
3055,3138
3056,3198
3057,2533
3058,4406
3059,1059
3060,2167
3061,3389
3062,282
3063,4827
3064,1317
3065,4989
3066,969
3067,4498
3068,3939
3069,3182
3070,3536
3071,620
3072,3250
3073,1743
3074,1391
3075,4069
3076,1848
3077,1580
3078,1656
3079,2353
3080,2213
3081,2021
3082,4983
3083,1957
3084,1308
3085,2004
3086,4662
3087,576
3088,2361
3089,4212
3090,4447
3091,1707
3092,3761
3093,4458
3094,1281
3095,862
3096,4155
3097,1802
3098,1629
3099,1994
3100,2640
3101,270
3102,630
3103,3082
3104,2335
3105,2967
3106,301
3107,460
3108,1448
3109,1473
3110,2047
3111,4238
3112,3783
3113,2114
3114,28
3115,3858
3116,4533
3117,838
3118,3845
3119,2009
3120,4918
3121,504
3122,3222
3123,4315
3124,381
3125,1852
3126,1526
3127,2366
3128,3244
3129,3053
3130,2885
3131,2341
3132,375
3133,3276
3134,2382
3135,4320
3136,940
3137,3869
3138,4175
3139,2800
3140,2148
3141,3836
3142,4551
3143,4226
3144,2069
3145,530
3146,4865
3147,637
3148,1270
3149,186
3150,3837
3151,3195
3152,3470
3153,1798
3154,2980
3155,1442
3156,3443
3157,4885
3158,1536
3159,3459
3160,1274
3161,2468
3162,608
3163,3403
3164,1713
3165,2200
3166,956
3167,2580
3168,3916
3169,4436
3170,4803
3171,3704
3172,404
3173,2072
3174,4766
3175,1978
3176,159
3177,1749
3178,2910
3179,3551
3180,903
3181,353
3182,1231
3183,4681
3184,2141
3185,445
3186,4959
3187,755
3188,1738
3189,2972
3190,4990
3191,2921
3192,312
3193,549
3194,4640
3195,4772
3196,1990
3197,307
3198,2336
3199,695
3200,2357
3201,1928
3202,685
3203,750
3204,4675
3205,1267
3206,3983
3207,3546
3208,4771
3209,4003
3210,3084
3211,3062
3212,3026
3213,971
3214,14
3215,874
3216,809
3217,3199
3218,515
3219,4483
3220,410
3221,3424
3222,4353
3223,208
3224,3239
3225,459
3226,3671
3227,2431
3228,3979
3229,111
3230,3765
3231,4063
3232,1884
3233,1714
3234,3977
3235,3415
3236,553
3237,1440
3238,2271
3239,3145
3240,2822
3241,4792
3242,1926
3243,635
3244,4816
3245,317
3246,4227
3247,4710
3248,1329
3249,428
3250,4042
3251,106
3252,3042
3253,143
3254,2170
3255,3345
3256,90
3257,2919
3258,3238
3259,2242
3260,3175
3261,3428
3262,2164
3263,2637
3264,1950
3265,1769
3266,3299
3267,2273
3268,2
3269,3542
3270,4968
3271,1952
3272,936
3273,4307
3274,2721
3275,4105
3276,1110
3277,3606
3278,592
3279,1696
3280,3480
3281,2937
3282,4214
3283,3427
3284,1577
3285,3973
3286,214
3287,779
3288,1416
3289,4770
3290,2044
3291,2849
3292,4548
3293,3682
3294,3832
3295,1568
3296,166
3297,4725
3298,3602
3299,4937
3300,1344
3301,2014
3302,274
3303,72
3304,3906
3305,1088
3306,395
3307,584
3308,1368
3309,4998
3310,4653
3311,2549
3312,1014
3313,4908
3314,3004
3315,4948
3316,4182
3317,3549
3318,1764
3319,1876
3320,1260
3321,4541
3322,2254
3323,2782
3324,3611
3325,527
3326,4748
3327,2947
3328,378
3329,1560
3330,3839
3331,1964
3332,4743
3333,349
3334,2435
3335,2247
3336,4467
3337,1710
3338,1051
3339,591
3340,520
3341,4504
3342,4754
3343,2478
3344,1084
3345,3607
3346,4789
3347,4520
3348,1295
3349,1810
3350,792
3351,793
3352,4319
3353,1856
3354,4768
3355,1981
3356,3234
3357,3927
3358,3401
3359,3329
3360,1531
3361,1411
3362,4305
3363,4981
3364,84
3365,869
3366,2351
3367,21
3368,3440
3369,2796
3370,4583
3371,1563
3372,3094
3373,3156
3374,974
3375,1711
3376,3202
3377,4000
3378,4830
3379,1099
3380,4261
3381,2845
3382,887
3383,4942
3384,4850
3385,4591
3386,3831
3387,4412
3388,516
3389,4631
3390,738
3391,1454
3392,3990
3393,4711
3394,2507
3395,2995
3396,2127
3397,2927
3398,4756
3399,907
3400,3666
3401,1031
3402,2508
3403,2429
3404,948
3405,3825
3406,4086
3407,716
3408,4074
3409,687
3410,704
3411,3342
3412,2354
3413,2258
3414,3568
3415,474
3416,22
3417,2753
3418,886
3419,2449
3420,918
3421,4438
3422,4677
3423,2240
3424,3863
3425,3396
3426,1266
3427,484
3428,4348
3429,2964
3430,1220
3431,278
3432,989
3433,2085
3434,1246
3435,2383
3436,572
3437,1436
3438,994
3439,3468
3440,3998
3441,586
3442,3677
3443,2515
3444,1350
3445,1008
3446,675
3447,2413
3448,2904
3449,448
3450,3489
3451,4905
3452,3722
3453,360
3454,2065
3455,4460
3456,3829
3457,1691
3458,4337
3459,1549
3460,1248
3461,1986
3462,295
3463,1548
3464,2013
3465,589
3466,3330
3467,2404
3468,2130
3469,4399
3470,2411
3471,2720
3472,4565
3473,426
3474,2583
3475,1055
3476,3985
3477,4573
3478,557
3479,4369
3480,3957
3481,4723
3482,2470
3483,4721
3484,356
3485,1194
3486,1717
3487,3417
3488,2605
3489,4359
3490,2829
3491,1705
3492,2864
3493,2619
3494,2401
3495,2140
3496,3240
3497,2384
3498,3219
3499,4193
3500,1286
3501,3815
3502,3859
3503,4479
3504,2088
3505,1890
3506,4900
3507,1592
3508,1347
3509,4442
3510,2163
3511,2397
3512,3662
3513,2272
3514,4501
3515,3112
3516,1138
3517,4594
3518,973
3519,796
3520,3021
3521,1712
3522,3388
3523,37
3524,454
3525,914
3526,4099
3527,1200
3528,1275
3529,2376
3530,38
3531,975
3532,3196
3533,984
3534,3923
3535,4088
3536,1419
3537,3333
3538,1561
3539,40
3540,1487
3541,3902
3542,170
3543,1356
3544,2786
3545,3651
3546,4759
3547,4023
3548,2683
3549,4715
3550,4044
3551,1641
3552,1291
3553,1381
3554,1934
3555,580
3556,4230
3557,3161
3558,2031
3559,893
3560,4588
3561,781
3562,160
3563,3
3564,2264
3565,3217
3566,2110
3567,850
3568,2738
3569,2467
3570,4010
3571,3669
3572,1597
3573,1777
3574,1914
3575,1044
3576,4783
3577,1545
3578,2737
3579,3725
3580,4628
3581,54
3582,1797
3583,3589
3584,1912
3585,2307
3586,2554
3587,2801
3588,937
3589,4439
3590,825
3591,4744
3592,3179
3593,3402
3594,1390
3595,3565
3596,4887
3597,885
3598,4358
3599,1608
3600,1595
3601,772
3602,2612
3603,3873
3604,2274
3605,1869
3606,1086
3607,11
3608,3847
3609,1326
3610,3391
3611,1464
3612,807
3613,3754
3614,4004
3615,3790
3616,2109
3617,4246
3618,4967
3619,2235
3620,3212
3621,964
3622,3416
3623,3772
3624,399
3625,2633
3626,4862
3627,2997
3628,705
3629,432
3630,293
3631,4878
3632,146
3633,4156
3634,2034
3635,4216
3636,1166
3637,3501
3638,2051
3639,2625
3640,4389
3641,340
3642,3898
3643,3691
3644,2974
3645,266
3646,2425
3647,1263
3648,1772
3649,3512
3650,272
3651,697
3652,748
3653,245
3654,318
3655,477
3656,2033
3657,958
3658,3835
3659,814
3660,4181
3661,1915
3662,4613
3663,3488
3664,1298
3665,4049
3666,1805
3667,759
3668,251
3669,2462
3670,546
3671,3242
3672,739
3673,311
3674,3886
3675,2942
3676,1132
3677,1450
3678,4930
3679,16
3680,3233
3681,2770
3682,3469
3683,921
3684,3030
3685,1373
3686,3588
3687,2545
3688,3599
3689,39
3690,364
3691,4111
3692,183
3693,3034
3694,2984
3695,1195
3696,2853
3697,3785
3698,1122
3699,2236
3700,2668
3701,3718
3702,3224
3703,1183
3704,4194
3705,4304
3706,615
3707,4919
3708,1467
3709,402
3710,3043
3711,935
3712,2420
3713,4048
3714,4525
3715,2642
3716,4036
3717,727
3718,827
3719,1522
3720,4755
3721,2931
3722,137
3723,3591
3724,629
3725,335
3726,391
3727,4398
3728,4886
3729,4208
3730,1818
3731,401
3732,711
3733,1040
3734,4292
3735,3360
3736,47
3737,1562
3738,4810
3739,3643
3740,3727
3741,4854
3742,1113
3743,2514
3744,3609
3745,1224
3746,4079
3747,3024
3748,2422
3749,1509
3750,1751
3751,4848
3752,4106
3753,1800
3754,339
3755,216
3756,3664
3757,1342
3758,12
3759,1521
3760,3641
3761,3956
3762,3794
3763,3005
3764,2865
3765,3116
3766,4851
3767,2323
3768,2572
3769,2914
3770,102
3771,3550
3772,1459
3773,172
3774,108
3775,4206
3776,3570
3777,4306
3778,4082
3779,3880
3780,4690
3781,4089
3782,61
3783,1241
3784,4648
3785,1041
3786,4197
3787,2761
3788,2121
3789,1525
3790,3522
3791,154
3792,2249
3793,482
3794,4243
3795,4316
3796,3579
3797,4490
3798,3563
3799,3316
3800,1763
3801,3539
3802,4814
3803,751
3804,3620
3805,1786
3806,4281
3807,3384
3808,4148
3809,406
3810,758
3811,2712
3812,2671
3813,4002
3814,98
3815,1334
3816,4462
3817,2792
3818,2855
3819,187
3820,4404
3821,2724
3822,3584
3823,2059
3824,1320
3825,149
3826,29
3827,4150
3828,4220
3829,3364
3830,693
3831,2867
3832,3777
3833,1387
3834,1846
3835,4741
3836,130
3837,1600
3838,3630
3839,4514
3840,702
3841,4418
3842,3029
3843,2970
3844,4367
3845,1709
3846,2954
3847,455
3848,2869
3849,2041
3850,1773
3851,2316
3852,610
3853,168
3854,731
3855,4259
3856,3359
3857,2075
3858,4700
3859,3701
3860,1623
3861,588
3862,1402
3863,3046
3864,3225
3865,1701
3866,3089
3867,4401
3868,2982
3869,41
3870,1380
3871,2090
3872,2176
3873,3218
3874,2886
3875,75
3876,3928
3877,3909
3878,2658
3879,3181
3880,2077
3881,442
3882,4070
3883,2052
3884,2542
3885,3307
3886,1302
3887,1782
3888,4825
3889,3431
3890,1305
3891,237
3892,2600
3893,521
3894,2574
3895,3281
3896,3187
3897,2769
3898,736
3899,4714
3900,4940
3901,2107
3902,2680
3903,3230
3904,2762
3905,593
3906,1304
3907,1388
3908,4706
3909,4537
3910,3966
3911,1891
3912,2988
3913,4935
3914,3298
3915,905
3916,4620
3917,1280
3918,934
3919,4910
3920,2309
3921,1556
3922,4544
3923,3191
3924,4452
3925,707
3926,4701
3927,3071
3928,746
3929,3595
3930,1940
3931,4411
3932,2863
3933,4707
3934,514
3935,82
3936,4987
3937,1309
3938,4559
3939,915
3940,3453
3941,3696
3942,4815
3943,3157
3944,2199
3945,4242
3946,775
3947,330
3948,2055
3949,2002
3950,944
3951,823
3952,4538
3953,910
3954,2517
3955,182
3956,165
3957,1524
3958,452
3959,2539
3960,4689
3961,4786
3962,1312
3963,3150
3964,1112
3965,4558
3966,3875
3967,3490
3968,1288
3969,4546
3970,4656
3971,3681
3972,4341
3973,4178
3974,3301
3975,3311
3976,4567
3977,3126
3978,328
3979,1791
3980,2491
3981,2007
3982,2008
3983,1859
3984,4696
3985,313
3986,833
3987,3080
3988,4728
3989,3463
3990,1202
3991,4402
3992,3548
3993,4012
3994,2135
3995,3452
3996,2210
3997,1902
3998,1482
3999,778
4000,800
4001,3715
4002,3943
4003,55
4004,2973
4005,3336
4006,1921
4007,3716
4008,4657
4009,947
4010,1702
4011,3294
4012,2162
4013,1137
4014,988
4015,2550
4016,194
4017,3058
4018,3247
4019,1395
4020,2638
4021,769
4022,4713
4023,3091
4024,3496
4025,3216
4026,286
4027,4949
4028,429
4029,4459
4030,2333
4031,2718
4032,2080
4033,3390
4034,723
4035,952
4036,4394
4037,4377
4038,2263
4039,990
4040,3213
4041,1760
4042,4117
4043,327
4044,2609
4045,1384
4046,1725
4047,1087
4048,2524
4049,342
4050,3702
4051,148
4052,689
4053,3433
4054,1108
4055,849
4056,967
4057,4993
4058,1493
4059,3954
4060,2204
4061,2714
4062,662
4063,1003
4064,63
4065,285
4066,2225
4067,4717
4068,1880
4069,3573
4070,4868
4071,1204
4072,1991
4073,25
4074,4863
4075,4112
4076,4177
4077,763
4078,876
4079,4753
4080,939
4081,2688
4082,3601
4083,2395
4084,4578
4085,4991
4086,4134
4087,4575
4088,386
4089,4592
4090,4580
4091,537
4092,4676
4093,3508
4094,202
4095,1333
4096,3503
4097,2709
4098,4022
4099,1855
4100,4480
4101,2873
4102,3031
4103,1206
4104,1646
4105,3418
4106,3477
4107,2862
4108,1793
4109,3798
4110,3369
4111,3368
4112,3534
4113,3450
4114,604
4115,3057
4116,4371
4117,127
4118,3877
4119,2936
4120,3532
4121,2731
4122,828
4123,1640
4124,985
4125,3282
4126,4982
4127,2189
4128,4623
4129,2444
4130,363
4131,2350
4132,346
4133,815
4134,3206
4135,4170
4136,4806
4137,3326
4138,4107
4139,2117
4140,1835
4141,794
4142,4957
4143,2675
4144,95
4145,3757
4146,2892
4147,2372
4148,4420
4149,4443
4150,3229
4151,2854
4152,2913
4153,1866
4154,1858
4155,2646
4156,2244
4157,2337
4158,951
4159,3069
4160,1121
4161,2598
4162,2205
4163,420
4164,923
4165,1255
4166,478
4167,2036
4168,1203
4169,2627
4170,4829
4171,1971
4172,3111
4173,4019
4174,2152
4175,3688
4176,1998
4177,4034
4178,3055
4179,1249
4180,2193
4181,2713
4182,993
4183,2191
4184,3763
4185,3598
4186,1319
4187,1864
4188,2344
4189,2450
4190,2137
4191,1066
4192,4971
4193,2622
4194,78
4195,2899
4196,1315
4197,4383
4198,873
4199,3851
4200,4798
4201,2966
4202,3392
4203,2561
4204,4907
4205,2636
4206,3531
4207,376
4208,1909
4209,4343
4210,4832
4211,4028
4212,1605
4213,1119
4214,3678
4215,3491
4216,4875
4217,2959
4218,1995
4219,4966
4220,4366
4221,2377
4222,1343
4223,321
4224,1620
4225,3714
4226,2061
4227,2220
4228,1674
4229,261
4230,4428
4231,2040
4232,902
4233,3745
4234,2027
4235,4235
4236,1918
4237,1829
4238,1574
4239,4405
4240,4209
4241,225
4242,724
4243,4686
4244,1142
4245,2763
4246,847
4247,2552
4248,2929
4249,118
4250,646
4251,4
4252,4171
4253,468
4254,6
4255,920
4256,2596
4257,1064
4258,2591
4259,243
4260,1161
4261,2871
4262,3736
4263,2398
4264,3518
4265,3422
4266,2564
4267,1606
4268,4839
4269,2325
4270,2710
4271,4409
4272,1313
4273,3449
4274,3813
4275,4666
4276,2363
4277,1976
4278,3515
4279,1762
4280,2740
4281,4670
4282,2473
4283,4008
4284,1494
4285,4207
4286,2159
4287,1170
4288,4527
4289,233
4290,67
4291,1604
4292,3284
4293,3597
4294,126
4295,1297
4296,1977
4297,4528
4298,4534
4299,2076
4300,3087
4301,4356
4302,3346
4303,4920
4304,2798
4305,919
4306,1647
4307,365
4308,3288
4309,2126
4310,4124
4311,526
4312,56
4313,639
4314,303
4315,2767
4316,1277
4317,2056
4318,3645
4319,4144
4320,2879
4321,4203
4322,2287
4323,2262
4324,2297
4325,1754
4326,1969
4327,4362
4328,3118
4329,2394
4330,524
4331,3901
4332,3123
4333,4157
4334,1970
4335,672
4336,4189
4337,667
4338,4349
4339,1888
4340,3267
4341,281
4342,1720
4343,2948
4344,900
4345,4861
4346,761
4347,1907
4348,4043
4349,3824
4350,4139
4351,3819
4352,4301
4353,2594
4354,4165
4355,3032
4356,3580
4357,2833
4358,3473
4359,138
4360,2181
4361,2129
4362,3178
4363,4378
4364,4262
4365,4345
4366,1332
4367,2018
4368,2483
4369,1359
4370,1330
4371,2151
4372,2123
4373,3982
4374,1253
4375,3279
4376,3375
4377,2815
4378,1849
4379,3038
4380,389
4381,236
4382,1078
4383,1985
4384,4364
4385,3963
4386,771
4387,2166
4388,674
4389,250
4390,1575
4391,3420
4392,2082
4393,1824
4394,717
4395,4679
4396,2049
4397,4179
4398,2725
4399,4532
4400,1461
4401,1669
4402,2757
4403,2001
4404,405
4405,385
4406,4503
4407,2153
4408,1634
4409,4597
4410,3926
4411,4159
4412,224
4413,2194
4414,3137
4415,1825
4416,4611
4417,798
4418,2872
4419,10
4420,1945
4421,1839
4422,256
4423,4519
4424,1582
4425,2957
4426,925
4427,4440
4428,2509
4429,3776
4430,4137
4431,2780
4432,540
4433,2746
4434,4509
4435,4582
4436,1146
4437,668
4438,3020
4439,358
4440,2832
4441,2784
4442,1354
4443,471
4444,2704
4445,3331
4446,3638
4447,1397
4448,3585
4449,4758
4450,3377
4451,1257
4452,3513
4453,1251
4454,4818
4455,4299
4456,3285
4457,2934
4458,4176
4459,1853
4460,4880
4461,2106
4462,134
4463,929
4464,824
4465,4554
4466,1532
4467,1215
4468,505
4469,4286
4470,1997
4471,3073
4472,1959
4473,1385
4474,895
4475,456
4476,4647
4477,3710
4478,4629
4479,4269
4480,3523
4481,4135
4482,3603
4483,714
4484,4187
4485,2215
4486,2924
4487,1811
4488,3487
4489,3142
4490,1828
4491,1156
4492,1325
4493,4313
4494,511
4495,1681
4496,500
4497,4547
4498,1857
4499,1389
4500,3720
4501,2387
4502,3237
4503,1541
4504,1218
4505,2682
4506,2994
4507,1192
4508,1543
4509,3302
4510,3325
4511,2540
4512,954
4513,4331
4514,733
4515,1157
4516,3295
4517,2983
4518,2157
4519,1063
4520,2617
4521,1168
4522,3223
4523,3637
4524,2939
4525,4492
4526,3141
4527,144
4528,3578
4529,2783
4530,718
4531,1820
4532,2503
4533,4361
4534,4172
4535,396
4536,4847
4537,4493
4538,1366
4539,4569
4540,596
4541,3953
4542,2915
4543,2327
4544,3767
4545,3441
4546,3852
4547,4133
4548,4602
4549,2144
4550,1572
4551,4080
4552,1123
4553,2787
4554,2968
4555,2505
4556,3466
4557,676
4558,2809
4559,3349
4560,729
4561,413
4562,3147
4563,1517
4564,826
4565,3268
4566,3975
4567,617
4568,115
4569,418
4570,3070
4571,1626
4572,4961
4573,4186
4574,2897
4575,4682
4576,2083
4577,754
4578,2547
4579,3970
4580,3374
4581,4108
4582,2445
4583,4381
4584,1067
4585,3914
4586,3499
4587,2739
4588,4001
4589,1569
4590,2428
4591,3747
4592,4650
4593,1688
4594,852
4595,3547
4596,896
4597,4593
4598,336
4599,2840
4600,3088
4601,1349
4602,1016
4603,2817
4604,1632
4605,2490
4606,3731
4607,3252
4608,4645
4609,2071
4610,4453
4611,4893
4612,1636
4613,2480
4614,2266
4615,2960
4616,4742
4617,3060
4618,2142
4619,3119
4620,4757
4621,4046
4622,3357
4623,2745
4624,3507
4625,1680
4626,4250
4627,3148
4628,2295
4629,581
4630,1471
4631,4071
4632,3344
4633,4584
4634,3673
4635,560
4636,2850
4637,513
4638,1082
4639,1665
4640,1013
4641,1932
4642,1151
4643,2839
4644,117
4645,741
4646,4817
4647,3676
4648,831
4649,120
4650,4790
4651,4749
4652,636
4653,4466
4654,4365
4655,4143
4656,992
4657,877
4658,5
4659,3052
4660,3125
4661,2661
4662,2492
4663,3855
4664,1716
4665,1149
4666,3262
4667,575
4668,3770
4669,3737
4670,4147
4671,854
4672,1983
4673,2775
4674,1167
4675,972
4676,2702
4677,4496
4678,3848
4679,2369
4680,4116
4681,4132
4682,2951
4683,525
4684,2456
4685,1842
4686,538
4687,2807
4688,4342
4689,3176
4690,785
4691,4058
4692,1410
4693,2538
4694,155
4695,3010
4696,1687
4697,2902
4698,4960
4699,3864
4700,2734
4701,1896
4702,570
4703,1817
4704,2066
4705,128
4706,3395
4707,3328
4708,4997
4709,2976
4710,981
4711,2301
4712,191
4713,1140
4714,700
4715,4791
4716,607
4717,4277
4718,302
4719,3421
4720,4831
4721,1061
4722,2566
4723,1070
4724,2525
4725,2206
4726,1244
4727,17
4728,3121
4729,4643
4730,816
4731,3068
4732,4795
4733,960
4734,226
4735,3355
4736,2486
4737,563
4738,3437
4739,1694
4740,1046
4741,3447
4742,4566
4743,955
4744,4996
4745,2736
4746,4914
4747,4736
4748,4834
4749,1219
4750,1528
4751,3988
4752,1301
4753,4902
4754,161
4755,4068
4756,957
4757,3792
4758,3235
4759,2870
4760,3778
4761,4434
4762,2962
4763,2201
4764,99
4765,2558
4766,3184
4767,254
4768,3924
4769,4200
4770,1446
4771,1649
4772,4683
4773,4724
4774,3992
4775,1697
4776,3192
4777,4500
4778,1155
4779,2256
4780,1683
4781,3171
4782,2057
4783,4091
4784,3109
4785,4549
4786,3724
4787,2050
4788,3644
4789,4938
4790,624
4791,263
4792,3370
4793,4062
4794,1803
4795,4737
4796,2386
4797,1960
4798,2977
4799,489
4800,1844
4801,1735
4802,2912
4803,3220
4804,147
4805,1987
4806,1370
4807,2812
4808,660
4809,1795
4810,2512
4811,3398
4812,4283
4813,1148
4814,3273
4815,609
4816,3583
4817,1931
4818,198
4819,2932
4820,2328
4821,4390
4822,767
4823,4497
4824,4219
4825,3256
4826,203
4827,3511
4828,1734
4829,2778
4830,1708
4831,3475
4832,855
4833,4738
4834,4098
4835,2161
4836,699
4837,4958
4838,3000
4839,3697
4840,1637
4841,3458
4842,3582
4843,1292
4844,4660
4845,1854
4846,3764
4847,3305
4848,4923
4849,3744
4850,3446
4851,1999
4852,664
4853,4780
4854,3749
4855,4414
4856,4745
4857,710
4858,1283
4859,2676
4860,4030
4861,1307
4862,2238
4863,3303
4864,2039
4865,1530
4866,1664
4867,4945
4868,4964
4869,3628
4870,2694
4871,3061
4872,1598
4873,2730
4874,2626
4875,3158
4876,3315
4877,1723
4878,1060
4879,4637
4880,3243
4881,1679
4882,1758
4883,4192
4884,564
4885,2791
4886,864
4887,1485
4888,207
4889,4489
4890,871
4891,4494
4892,503
4893,1029
4894,3841
4895,2691
4896,1571
4897,2774
4898,2732
4899,805
4900,3646
4901,2455
4902,4599
4903,3105
4904,4876
4905,201
4906,3100
4907,2279
4908,3562
4909,4475
4910,4515
4911,392
4912,1496
4913,2696
4914,2028
4915,2569
4916,65
4917,3885
4918,2063
4919,493
4920,380
4921,4860
4922,3994
4923,4888
4924,1077
4925,879
4926,338
4927,1017
4928,1276
4929,3799
4930,4552
4931,3343
4932,4912
4933,996
4934,1982
4935,4298
4936,162
4937,4799
4938,1501
4939,3844
4940,2614
4941,3462
4942,1022
4943,3074
4944,3944
4945,1586
4946,1956
4947,3153
4948,35
4949,4015
4950,776
4951,2557
4952,1479
4953,1364
4954,2613
4955,2825
4956,2042
4957,242
4958,2062
4959,2364
4960,601
4961,2436
4962,2889
4963,647
4964,3891
4965,3557
4966,3203
4967,1529
4968,1268
4969,1900
4970,4659
4971,3006
4972,2735
4973,190
4974,1807
4975,976
4976,2748
4977,2048
4978,2559
4979,1083
4980,475
4981,2905
4982,4844
4983,4118
4984,3386
4985,4556
4986,1185
4987,2434
4988,2392
4989,770
4990,1686
4991,131
4992,2920
4993,3172
4994,3445
4995,4427
4996,467
4997,3093
4998,3773
4999,861
