customer_id,assigned_discount,predicted_revenue
1053.0,0.0,9.07
2991.0,0.0,21.76
1789.0,5.0,13.81
765.0,5.0,18.79
3248.0,0.0,21.48
1102.0,5.0,20.53
1666.0,0.0,13.41
280.0,0.0,24.35
3194.0,0.0,18.31
4045.0,0.0,22.68
2345.0,5.0,27.55
3306.0,0.0,16.93
4619.0,5.0,16.69
1695.0,0.0,19.51
1663.0,5.0,19.26
2112.0,0.0,28.02
4518.0,0.0,21.76
890.0,5.0,16.28
4461.0,0.0,27.15
3356.0,0.0,17.74
2019.0,5.0,16.8
2727.0,0.0,13.65
158.0,0.0,22.27
4013.0,0.0,22.35
3626.0,0.0,23.08
2092.0,5.0,10.69
3968.0,5.0,15.78
4268.0,5.0,19.61
1095.0,0.0,17.26
3912.0,10.0,9.34
3258.0,0.0,11.25
4231.0,5.0,23.77
706.0,0.0,15.18
600.0,0.0,23.28
2570.0,0.0,22.9
3989.0,0.0,18.38
2835.0,0.0,22.69
2239.0,0.0,23.92
4563.0,0.0,20.66
1783.0,0.0,8.94
2814.0,5.0,26.07
2842.0,0.0,16.9
3955.0,15.0,13.0
228.0,0.0,18.65
4416.0,0.0,10.86
3135.0,0.0,22.07
4678.0,0.0,21.38
3495.0,0.0,19.1
4513.0,0.0,22.98
241.0,0.0,18.44
732.0,0.0,22.1
30.0,0.0,16.91
107.0,20.0,9.15
4802.0,5.0,10.41
3881.0,0.0,23.77
1845.0,0.0,18.78
3472.0,0.0,12.58
2374.0,0.0,17.2
4858.0,5.0,16.52
1169.0,5.0,17.07
2158.0,0.0,14.97
2816.0,0.0,18.23
799.0,0.0,18.55
3987.0,10.0,13.4
66.0,5.0,20.85
2700.0,0.0,11.21
1505.0,0.0,19.7
180.0,0.0,16.26
1422.0,0.0,24.27
625.0,20.0,15.67
24.0,5.0,11.84
2060.0,5.0,19.09
682.0,0.0,24.05
1631.0,20.0,12.77
1091.0,0.0,19.47
502.0,5.0,14.68
4444.0,0.0,13.02
229.0,0.0,17.62
4138.0,0.0,21.54
4639.0,20.0,13.57
3788.0,0.0,24.7
2221.0,5.0,18.47
3711.0,5.0,20.57
1413.0,15.0,7.61
2684.0,5.0,11.88
85.0,0.0,15.5
4455.0,10.0,26.66
4587.0,0.0,22.38
4309.0,5.0,19.19
2379.0,0.0,17.78
2697.0,10.0,20.29
1210.0,5.0,18.23
2766.0,5.0,15.83
334.0,0.0,16.81
2093.0,5.0,19.71
200.0,5.0,14.57
2883.0,0.0,22.97
1433.0,15.0,12.28
808.0,0.0,17.0
4195.0,15.0,17.18
3436.0,5.0,18.89
3574.0,5.0,19.47
1030.0,0.0,19.64
3493.0,0.0,24.12
1520.0,5.0,13.49
4849.0,15.0,12.12
1955.0,0.0,21.6
2405.0,0.0,25.55
4310.0,0.0,8.85
4131.0,0.0,21.1
2122.0,10.0,13.24
80.0,5.0,13.02
4293.0,5.0,14.22
3292.0,0.0,23.66
3045.0,20.0,17.52
4733.0,0.0,17.09
3167.0,5.0,15.51
4542.0,30.0,13.82
2074.0,10.0,15.09
734.0,0.0,17.01
3952.0,0.0,18.01
3434.0,0.0,15.73
2219.0,5.0,14.85
1742.0,0.0,23.19
297.0,10.0,13.36
3560.0,0.0,19.54
712.0,15.0,14.5
897.0,5.0,16.54
3950.0,5.0,19.88
374.0,0.0,21.04
1558.0,5.0,19.73
4149.0,5.0,19.71
1500.0,0.0,26.08
4618.0,0.0,9.53
472.0,30.0,9.01
1035.0,0.0,18.3
1515.0,5.0,9.42
4237.0,0.0,22.57
1733.0,0.0,20.25
1271.0,0.0,25.68
3935.0,0.0,31.69
4437.0,5.0,19.33
4419.0,5.0,18.33
2586.0,5.0,20.3
3636.0,0.0,21.35
656.0,0.0,15.48
1293.0,5.0,18.49
4752.0,0.0,27.16
427.0,0.0,23.29
2421.0,0.0,19.05
2136.0,0.0,24.99
1075.0,0.0,20.5
4840.0,5.0,23.87
1323.0,0.0,20.45
415.0,0.0,25.15
2485.0,0.0,20.5
2147.0,0.0,23.73
590.0,5.0,16.62
169.0,0.0,23.04
3519.0,0.0,22.4
2241.0,5.0,23.04
997.0,0.0,22.55
3670.0,5.0,27.29
1865.0,5.0,21.55
9.0,5.0,10.35
3186.0,0.0,7.99
498.0,0.0,14.96
4335.0,5.0,28.48
145.0,10.0,5.65
658.0,0.0,23.29
2026.0,0.0,18.31
298.0,5.0,16.22
3781.0,0.0,16.12
1254.0,5.0,11.69
152.0,5.0,17.1
1744.0,0.0,18.44
2628.0,0.0,22.82
1198.0,0.0,13.77
3228.0,15.0,6.86
3162.0,5.0,26.81
4835.0,0.0,13.61
3409.0,5.0,28.09
1393.0,0.0,16.97
3941.0,5.0,15.03
1414.0,5.0,29.75
1540.0,0.0,20.76
2588.0,15.0,12.84
1706.0,0.0,23.16
3833.0,5.0,14.1
2999.0,5.0,20.94
4530.0,0.0,14.11
4260.0,5.0,14.91
3610.0,0.0,18.57
1445.0,0.0,24.97
101.0,10.0,15.49
2820.0,0.0,26.21
1205.0,0.0,17.07
1324.0,15.0,12.77
1026.0,0.0,24.78
4059.0,10.0,17.27
1616.0,0.0,20.68
2388.0,0.0,27.17
1753.0,10.0,11.78
4999.0,5.0,19.85
1232.0,0.0,18.28
4422.0,10.0,18.42
3012.0,0.0,13.17
2506.0,0.0,12.47
4382.0,5.0,20.88
1211.0,10.0,12.78
3945.0,0.0,25.01
1913.0,0.0,20.41
3527.0,5.0,21.42
2528.0,0.0,26.37
2606.0,0.0,24.39
3984.0,0.0,18.47
473.0,0.0,23.15
2844.0,0.0,19.22
4215.0,30.0,10.51
4081.0,0.0,11.55
3596.0,0.0,23.93
1256.0,0.0,16.58
4773.0,0.0,17.31
1748.0,0.0,27.7
3917.0,5.0,18.73
4979.0,0.0,25.57
3297.0,0.0,19.23
3265.0,5.0,19.76
249.0,0.0,25.85
34.0,0.0,21.98
2797.0,5.0,14.24
3684.0,5.0,15.7
506.0,15.0,13.31
3081.0,5.0,7.15
894.0,5.0,30.17
627.0,0.0,22.92
3190.0,0.0,9.44
1673.0,15.0,13.68
2518.0,0.0,22.04
2723.0,5.0,13.66
3040.0,0.0,22.1
1872.0,5.0,18.96
2852.0,0.0,21.75
970.0,0.0,26.64
417.0,0.0,17.21
1361.0,0.0,22.68
231.0,5.0,20.92
4871.0,15.0,10.98
3660.0,5.0,19.74
545.0,5.0,16.07
1245.0,0.0,24.88
3318.0,0.0,9.04
995.0,10.0,9.91
1621.0,0.0,25.42
1757.0,5.0,25.08
4821.0,20.0,9.89
1341.0,0.0,15.04
1819.0,0.0,26.33
813.0,0.0,21.39
3510.0,0.0,19.21
3910.0,10.0,7.4
3009.0,0.0,17.77
3969.0,10.0,19.42
4994.0,0.0,22.26
3621.0,5.0,30.03
1085.0,10.0,18.25
1104.0,5.0,19.7
932.0,0.0,17.78
3059.0,0.0,19.88
3879.0,0.0,15.57
1145.0,0.0,29.0
423.0,0.0,11.2
1437.0,0.0,22.32
725.0,0.0,19.08
1418.0,0.0,17.08
3738.0,5.0,23.04
3567.0,30.0,19.35
927.0,30.0,9.9
2291.0,5.0,24.77
150.0,0.0,23.09
4090.0,5.0,17.32
3102.0,10.0,13.64
4093.0,0.0,18.52
13.0,0.0,19.74
469.0,0.0,18.83
3264.0,0.0,19.37
3874.0,0.0,11.45
1894.0,0.0,13.72
3705.0,0.0,22.34
1438.0,0.0,18.27
1860.0,0.0,17.6
1841.0,0.0,26.58
3659.0,0.0,17.54
2105.0,30.0,12.74
3612.0,0.0,20.63
812.0,0.0,21.76
2664.0,0.0,14.7
1269.0,5.0,17.45
1962.0,0.0,24.16
3707.0,0.0,19.13
2878.0,10.0,12.19
4545.0,5.0,16.59
4264.0,0.0,10.24
394.0,10.0,14.96
2631.0,5.0,18.88
585.0,10.0,15.1
4965.0,0.0,16.55
492.0,20.0,3.63
2651.0,0.0,13.58
3041.0,0.0,22.71
133.0,5.0,25.32
1589.0,15.0,14.23
1739.0,0.0,10.59
4986.0,0.0,21.24
1019.0,5.0,20.04
4379.0,0.0,19.51
4703.0,0.0,18.98
2308.0,0.0,15.07
288.0,5.0,16.57
2211.0,5.0,17.19
3130.0,0.0,19.22
4576.0,0.0,20.38
1407.0,0.0,14.76
2367.0,0.0,18.69
2292.0,10.0,17.75
950.0,0.0,20.46
3478.0,0.0,22.15
3887.0,0.0,21.54
3405.0,0.0,19.37
2296.0,5.0,18.69
4224.0,15.0,16.42
4612.0,0.0,20.23
4486.0,0.0,17.9
4340.0,0.0,26.73
2222.0,0.0,24.26
1042.0,0.0,21.15
3846.0,0.0,18.7
4339.0,5.0,15.32
3883.0,0.0,15.89
2305.0,0.0,20.84
4403.0,25.0,4.62
430.0,5.0,26.81
1045.0,0.0,22.53
1808.0,25.0,7.7
4953.0,5.0,16.46
3655.0,0.0,8.89
830.0,0.0,11.56
2978.0,0.0,16.0
1719.0,5.0,17.48
466.0,10.0,19.38
3961.0,5.0,18.48
1372.0,0.0,27.8
1457.0,0.0,21.54
1188.0,0.0,23.42
3163.0,0.0,23.03
4646.0,5.0,18.75
678.0,15.0,14.11
487.0,5.0,24.99
2232.0,0.0,24.38
1039.0,0.0,17.38
764.0,5.0,33.9
2956.0,0.0,21.13
3656.0,0.0,23.46
3755.0,0.0,18.31
3652.0,0.0,22.93
766.0,0.0,12.88
4271.0,5.0,14.01
291.0,0.0,21.82
2120.0,0.0,11.96
3540.0,0.0,17.22
253.0,0.0,30.38
3261.0,15.0,13.6
351.0,5.0,8.82
3708.0,5.0,17.79
3204.0,0.0,18.0
1740.0,0.0,8.74
677.0,0.0,20.64
91.0,0.0,26.92
3827.0,0.0,17.73
4881.0,0.0,23.14
4119.0,0.0,17.19
3056.0,0.0,15.28
27.0,5.0,11.15
3717.0,25.0,12.08
4898.0,0.0,23.46
722.0,0.0,19.15
2064.0,5.0,17.9
3964.0,0.0,17.18
2471.0,0.0,23.02
2318.0,0.0,19.42
2859.0,10.0,15.51
878.0,0.0,16.67
3317.0,5.0,17.52
3789.0,5.0,18.94
255.0,0.0,17.93
4822.0,10.0,14.38
4796.0,0.0,17.22
4249.0,0.0,25.37
4321.0,5.0,10.32
4734.0,0.0,16.57
2100.0,5.0,24.63
4740.0,0.0,27.52
3981.0,0.0,22.14
2535.0,0.0,17.32
4658.0,5.0,11.21
316.0,10.0,18.78
1262.0,5.0,18.44
842.0,25.0,12.53
2744.0,0.0,18.23
554.0,5.0,20.81
2023.0,0.0,19.4
3132.0,0.0,19.0
70.0,5.0,24.45
3605.0,0.0,21.61
747.0,0.0,19.61
2424.0,0.0,22.31
4457.0,5.0,14.85
1703.0,10.0,13.33
3122.0,10.0,18.0
4694.0,5.0,28.71
3354.0,20.0,14.03
2068.0,5.0,8.82
3649.0,0.0,21.58
3996.0,0.0,22.43
2154.0,0.0,13.61
1840.0,0.0,16.86
388.0,0.0,17.45
2469.0,5.0,16.97
3703.0,0.0,16.59
3932.0,0.0,10.18
3719.0,10.0,22.27
1371.0,5.0,15.2
411.0,0.0,17.6
1439.0,0.0,17.42
110.0,0.0,16.65
4057.0,5.0,34.88
1136.0,0.0,20.96
2128.0,0.0,10.22
2610.0,0.0,17.69
692.0,0.0,17.82
1579.0,20.0,14.87
2963.0,0.0,27.15
4142.0,5.0,29.52
3706.0,0.0,20.88
3255.0,0.0,25.36
4812.0,10.0,15.27
486.0,0.0,17.31
556.0,0.0,20.27
4632.0,5.0,19.63
4421.0,0.0,21.16
2772.0,0.0,23.62
2861.0,0.0,8.36
1109.0,0.0,26.05
3913.0,15.0,11.07
2270.0,5.0,15.23
3931.0,0.0,24.03
178.0,5.0,21.2
2906.0,0.0,24.75
916.0,0.0,26.16
81.0,0.0,17.95
3269.0,5.0,18.02
578.0,0.0,21.63
2300.0,0.0,27.3
3312.0,5.0,8.94
3795.0,10.0,14.74
1392.0,0.0,13.53
222.0,5.0,7.96
94.0,5.0,19.16
3647.0,0.0,27.18
4360.0,0.0,19.11
843.0,0.0,16.31
539.0,0.0,19.84
3015.0,0.0,20.48
1435.0,0.0,16.6
1056.0,5.0,20.46
3774.0,5.0,18.12
3687.0,0.0,19.07
811.0,0.0,20.98
2216.0,5.0,21.4
2987.0,0.0,16.58
735.0,5.0,19.09
4521.0,0.0,16.53
1863.0,5.0,21.81
4072.0,0.0,15.36
531.0,0.0,20.04
2923.0,0.0,17.98
3413.0,0.0,17.47
3127.0,5.0,18.11
3624.0,0.0,19.76
4141.0,0.0,13.83
1747.0,0.0,17.85
684.0,0.0,17.68
4568.0,0.0,19.43
1130.0,0.0,19.45
4275.0,0.0,22.07
2652.0,0.0,18.77
801.0,0.0,21.54
2118.0,0.0,20.05
3381.0,5.0,7.35
4267.0,0.0,11.36
220.0,20.0,13.81
1870.0,0.0,19.13
2246.0,0.0,23.2
4357.0,0.0,22.96
4085.0,0.0,23.4
4695.0,5.0,12.6
2678.0,0.0,17.5
44.0,10.0,14.36
2285.0,5.0,17.02
211.0,0.0,20.67
1618.0,0.0,20.04
355.0,0.0,28.7
3810.0,5.0,19.0
2314.0,0.0,20.16
4564.0,0.0,22.59
562.0,0.0,25.54
368.0,0.0,18.22
587.0,5.0,16.82
3735.0,5.0,22.73
2846.0,0.0,24.88
136.0,10.0,11.32
804.0,0.0,18.42
48.0,0.0,23.08
3159.0,15.0,15.48
2322.0,0.0,13.74
4857.0,0.0,24.93
4684.0,0.0,23.99
4976.0,0.0,19.62
1935.0,5.0,19.07
62.0,0.0,26.76
1768.0,0.0,15.52
634.0,0.0,17.73
96.0,0.0,13.9
479.0,0.0,24.31
1724.0,5.0,13.96
4823.0,0.0,16.01
4603.0,0.0,22.6
1118.0,10.0,14.28
2777.0,5.0,23.93
4222.0,0.0,23.55
323.0,0.0,22.64
1294.0,0.0,15.06
2230.0,0.0,25.3
1659.0,0.0,26.93
1570.0,5.0,11.88
2441.0,5.0,15.51
2496.0,0.0,22.97
3679.0,30.0,3.11
2961.0,5.0,16.87
292.0,5.0,11.38
1002.0,0.0,14.72
2095.0,10.0,19.24
534.0,5.0,14.43
4517.0,0.0,26.16
1096.0,5.0,27.14
3793.0,5.0,12.56
2012.0,0.0,24.66
4598.0,5.0,15.13
1559.0,0.0,16.28
1171.0,0.0,24.09
4037.0,0.0,19.99
2418.0,0.0,20.39
4064.0,0.0,22.76
4722.0,10.0,12.55
3796.0,5.0,16.12
2084.0,0.0,22.79
4622.0,0.0,17.08
1011.0,0.0,9.36
4779.0,0.0,14.04
752.0,5.0,14.87
3937.0,0.0,13.52
4730.0,0.0,31.11
4536.0,0.0,23.94
4931.0,5.0,16.28
1426.0,5.0,29.11
1877.0,0.0,19.89
1546.0,0.0,13.27
4889.0,0.0,14.08
3236.0,0.0,15.5
4163.0,0.0,27.75
1193.0,15.0,9.91
2253.0,0.0,19.56
2860.0,5.0,17.0
3455.0,5.0,19.64
1895.0,5.0,21.77
671.0,5.0,19.01
829.0,0.0,21.46
2145.0,10.0,15.57
1700.0,0.0,22.51
908.0,5.0,12.9
2175.0,5.0,21.27
71.0,10.0,8.76
912.0,0.0,16.12
3866.0,0.0,18.74
2621.0,0.0,8.78
3253.0,0.0,17.4
4225.0,30.0,9.64
2754.0,5.0,19.42
839.0,0.0,21.51
1613.0,10.0,13.81
1150.0,0.0,21.52
3535.0,0.0,20.91
1076.0,0.0,16.43
2452.0,5.0,13.71
2795.0,5.0,20.22
2821.0,0.0,17.65
2022.0,0.0,15.87
3769.0,5.0,19.53
1306.0,0.0,13.68
3672.0,0.0,17.55
1889.0,5.0,15.8
3251.0,5.0,22.84
2373.0,10.0,10.8
2909.0,15.0,15.86
3797.0,5.0,17.04
1633.0,0.0,20.91
2243.0,0.0,20.09
4853.0,0.0,15.96
3918.0,5.0,13.57
3543.0,5.0,19.39
3581.0,0.0,15.42
4928.0,0.0,24.04
4890.0,0.0,11.6
643.0,0.0,26.71
2975.0,5.0,25.37
3615.0,0.0,25.63
3811.0,0.0,21.44
234.0,5.0,26.23
4577.0,5.0,19.52
1610.0,5.0,19.71
416.0,5.0,18.31
2472.0,0.0,11.63
654.0,0.0,18.67
3623.0,5.0,10.65
1601.0,5.0,16.5
18.0,10.0,14.48
1861.0,5.0,18.98
2461.0,0.0,18.01
2390.0,0.0,12.21
597.0,0.0,17.58
4872.0,0.0,21.06
2168.0,0.0,13.54
2858.0,20.0,12.82
4760.0,5.0,14.22
1816.0,5.0,14.71
4936.0,0.0,18.2
372.0,0.0,22.3
3039.0,0.0,14.46
599.0,0.0,21.98
239.0,0.0,22.53
3616.0,0.0,23.13
1814.0,30.0,14.75
1944.0,0.0,19.04
1718.0,5.0,25.66
4838.0,0.0,16.5
2139.0,0.0,31.46
2560.0,0.0,23.25
3481.0,5.0,14.46
3694.0,20.0,11.89
2765.0,5.0,28.46
2477.0,0.0,14.07
2553.0,0.0,13.81
788.0,10.0,13.52
1544.0,5.0,17.76
3741.0,10.0,14.5
4263.0,0.0,12.63
3726.0,0.0,24.53
2245.0,0.0,13.98
4488.0,15.0,14.6
4221.0,5.0,28.08
3049.0,5.0,22.61
1434.0,5.0,17.19
622.0,0.0,18.08
2313.0,0.0,18.89
3648.0,0.0,22.78
567.0,5.0,19.06
1486.0,5.0,17.58
3753.0,0.0,24.67
3586.0,5.0,26.15
52.0,0.0,23.4
2143.0,0.0,21.2
3047.0,0.0,14.95
3120.0,0.0,20.99
4375.0,0.0,28.17
535.0,0.0,19.57
3200.0,0.0,19.85
3103.0,0.0,8.07
444.0,0.0,18.87
2690.0,0.0,17.58
196.0,0.0,20.71
3484.0,0.0,18.44
777.0,5.0,20.53
2227.0,0.0,23.12
2823.0,15.0,14.44
3018.0,0.0,30.25
3063.0,5.0,24.05
2981.0,5.0,16.12
2576.0,5.0,15.74
2938.0,5.0,29.79
645.0,0.0,19.34
806.0,0.0,23.51
3538.0,5.0,28.94
1352.0,0.0,18.23
4866.0,0.0,25.62
121.0,0.0,20.76
2489.0,5.0,22.26
4808.0,20.0,12.63
4899.0,0.0,24.33
2465.0,0.0,18.86
3183.0,0.0,13.1
135.0,0.0,17.28
2804.0,0.0,8.0
3639.0,5.0,26.67
2299.0,10.0,15.54
185.0,0.0,17.09
1336.0,0.0,10.87
1667.0,5.0,21.6
512.0,15.0,15.13
1322.0,0.0,13.56
4073.0,0.0,15.66
3759.0,10.0,18.92
4229.0,10.0,11.01
3733.0,0.0,18.57
3680.0,0.0,22.56
743.0,0.0,22.13
252.0,5.0,26.1
1174.0,20.0,10.82
3960.0,0.0,20.84
3903.0,5.0,17.23
2171.0,0.0,19.43
123.0,0.0,22.4
2355.0,0.0,22.26
1670.0,5.0,16.51
1478.0,0.0,9.23
568.0,5.0,14.93
3668.0,0.0,18.23
3201.0,5.0,19.49
1676.0,20.0,9.07
1804.0,0.0,15.12
882.0,5.0,15.87
1216.0,0.0,22.58
3775.0,0.0,10.83
2629.0,0.0,13.51
4426.0,10.0,19.02
721.0,5.0,16.82
2726.0,0.0,17.99
3892.0,5.0,15.15
2466.0,5.0,18.4
3211.0,0.0,22.41
603.0,0.0,17.15
4199.0,0.0,22.04
1898.0,15.0,15.87
3946.0,0.0,25.46
3853.0,5.0,12.32
319.0,5.0,15.24
3098.0,0.0,18.2
4904.0,5.0,26.53
275.0,0.0,17.21
1874.0,0.0,18.29
550.0,15.0,12.1
4992.0,15.0,14.48
4674.0,0.0,29.89
4903.0,0.0,23.26
2950.0,5.0,20.76
606.0,0.0,19.27
4039.0,10.0,15.58
528.0,0.0,15.31
4065.0,0.0,16.91
4285.0,0.0,25.37
4913.0,5.0,13.35
3791.0,5.0,15.78
4837.0,5.0,14.45
1832.0,0.0,15.61
299.0,5.0,10.3
2806.0,5.0,15.92
4256.0,0.0,15.54
1594.0,0.0,18.49
2179.0,0.0,24.64
4932.0,0.0,25.54
4266.0,10.0,12.27
2178.0,0.0,18.77
1599.0,10.0,18.17
2537.0,0.0,29.37
757.0,0.0,12.38
1483.0,0.0,24.48
2488.0,0.0,30.13
2073.0,0.0,17.97
1296.0,0.0,12.14
1097.0,5.0,26.07
1908.0,5.0,17.35
4784.0,0.0,17.38
377.0,10.0,18.7
4166.0,5.0,18.83
2536.0,5.0,22.59
4669.0,0.0,23.12
928.0,0.0,25.88
379.0,0.0,17.16
1176.0,0.0,24.31
2457.0,0.0,20.66
2577.0,10.0,9.76
4869.0,0.0,30.57
1346.0,0.0,21.58
2620.0,0.0,26.4
1685.0,0.0,14.19
2058.0,0.0,17.94
1537.0,15.0,6.89
2529.0,0.0,20.82
2288.0,5.0,18.15
4879.0,0.0,12.77
795.0,0.0,18.3
2521.0,5.0,13.67
3521.0,5.0,10.84
1222.0,15.0,18.49
176.0,0.0,17.9
1787.0,0.0,13.46
3425.0,10.0,13.79
1979.0,0.0,23.94
46.0,5.0,24.14
2768.0,0.0,14.72
860.0,10.0,17.14
4668.0,0.0,18.41
4168.0,0.0,17.84
1527.0,0.0,20.99
2192.0,0.0,10.5
3011.0,0.0,21.72
3014.0,5.0,8.81
1780.0,0.0,23.59
1704.0,0.0,17.8
3114.0,0.0,16.83
2604.0,0.0,21.77
284.0,5.0,18.95
1554.0,0.0,19.81
4145.0,0.0,25.12
4712.0,0.0,23.98
1567.0,0.0,16.51
1259.0,5.0,19.91
857.0,0.0,24.96
2087.0,20.0,13.81
2417.0,5.0,15.85
4926.0,0.0,20.86
1875.0,0.0,9.34
4617.0,0.0,18.93
2096.0,0.0,33.72
978.0,0.0,18.64
1398.0,15.0,14.65
2460.0,0.0,20.55
4570.0,5.0,16.55
1942.0,5.0,11.64
2527.0,5.0,25.22
953.0,10.0,12.06
100.0,0.0,9.43
1074.0,0.0,18.89
4465.0,0.0,22.08
3465.0,5.0,19.71
4896.0,0.0,22.0
352.0,15.0,20.07
2747.0,5.0,20.01
1159.0,0.0,18.55
1057.0,0.0,21.12
965.0,0.0,26.0
719.0,0.0,21.41
2776.0,0.0,24.57
3576.0,0.0,18.01
1539.0,10.0,17.27
309.0,0.0,23.08
1535.0,5.0,11.02
834.0,5.0,13.27
367.0,5.0,14.5
3397.0,25.0,15.95
2094.0,5.0,20.0
4867.0,0.0,7.17
3782.0,0.0,12.68
2556.0,5.0,19.9
1127.0,0.0,26.46
20.0,0.0,14.97
3266.0,0.0,19.58
2944.0,0.0,29.1
2590.0,5.0,25.51
219.0,5.0,23.91
2639.0,0.0,16.87
439.0,0.0,12.63
1966.0,0.0,20.66
3376.0,0.0,19.83
3304.0,5.0,15.19
4282.0,0.0,16.01
2433.0,0.0,24.7
4661.0,5.0,15.03
3780.0,0.0,12.11
2779.0,0.0,28.65
803.0,0.0,37.1
3013.0,0.0,18.8
2289.0,0.0,18.01
3742.0,0.0,18.55
4451.0,5.0,19.01
583.0,0.0,23.15
204.0,5.0,10.45
4061.0,0.0,23.79
3432.0,5.0,20.48
2265.0,0.0,24.83
2196.0,0.0,17.74
3423.0,5.0,23.36
1607.0,5.0,18.27
1048.0,0.0,20.57
1425.0,5.0,20.13
2882.0,0.0,27.13
1963.0,5.0,14.76
3366.0,0.0,9.27
518.0,0.0,17.48
2985.0,0.0,18.22
3337.0,5.0,16.28
4856.0,0.0,13.15
669.0,25.0,2.48
3113.0,5.0,21.92
1428.0,0.0,14.27
4922.0,0.0,22.75
4507.0,5.0,13.37
1261.0,5.0,16.18
2440.0,0.0,22.96
3768.0,0.0,22.31
4270.0,0.0,18.04
3358.0,0.0,23.16
3408.0,0.0,17.8
1376.0,5.0,16.41
760.0,0.0,11.06
2848.0,0.0,16.09
4333.0,15.0,13.49
2686.0,0.0,13.46
3022.0,5.0,12.77
4396.0,0.0,17.58
2510.0,0.0,14.37
215.0,5.0,17.08
3347.0,0.0,16.53
1484.0,5.0,20.84
694.0,0.0,12.91
2183.0,0.0,8.26
4732.0,0.0,17.19
2134.0,5.0,16.41
1116.0,0.0,27.52
1785.0,5.0,21.37
4739.0,5.0,17.12
1213.0,0.0,25.26
4882.0,0.0,17.55
197.0,5.0,14.93
4606.0,5.0,28.02
4729.0,0.0,10.31
1058.0,0.0,14.16
880.0,5.0,19.76
1823.0,0.0,31.73
1938.0,0.0,18.38
1331.0,5.0,19.66
2269.0,0.0,26.86
888.0,0.0,21.0
3033.0,0.0,26.27
69.0,0.0,22.17
2498.0,0.0,18.49
1936.0,0.0,28.29
569.0,5.0,15.36
1653.0,5.0,14.38
97.0,0.0,21.86
1021.0,0.0,18.34
2875.0,0.0,16.71
140.0,0.0,23.76
3104.0,0.0,24.83
2618.0,0.0,21.9
1506.0,0.0,24.63
1363.0,5.0,16.4
2648.0,0.0,19.03
3287.0,5.0,13.25
4765.0,0.0,24.97
2293.0,10.0,16.23
4424.0,0.0,18.82
464.0,20.0,13.88
2896.0,5.0,4.53
4188.0,0.0,21.37
2005.0,15.0,7.48
595.0,0.0,21.69
1339.0,0.0,34.34
626.0,0.0,21.26
451.0,0.0,23.55
3748.0,0.0,19.31
4302.0,0.0,15.03
4326.0,0.0,19.02
4836.0,20.0,9.37
1593.0,5.0,14.72
1050.0,5.0,13.31
3554.0,0.0,23.93
1910.0,5.0,28.59
4600.0,0.0,22.78
4011.0,5.0,27.98
151.0,5.0,29.34
1737.0,0.0,17.53
3967.0,0.0,14.29
4685.0,0.0,8.11
1481.0,0.0,19.19
89.0,5.0,10.54
458.0,5.0,19.53
4376.0,0.0,14.03
2941.0,0.0,17.91
3286.0,5.0,19.87
4891.0,0.0,15.72
2017.0,0.0,21.08
1671.0,5.0,24.07
3665.0,0.0,17.76
832.0,10.0,19.14
240.0,5.0,17.3
4692.0,5.0,18.19
1000.0,0.0,17.56
1449.0,0.0,25.35
2916.0,0.0,21.21
1974.0,5.0,22.9
2996.0,5.0,14.95
193.0,5.0,21.03
4240.0,5.0,16.76
3762.0,5.0,18.17
3862.0,0.0,22.57
945.0,0.0,27.19
4191.0,0.0,16.48
1184.0,0.0,18.4
4241.0,25.0,8.47
1033.0,0.0,21.19
4435.0,0.0,27.52
4691.0,0.0,11.26
2032.0,5.0,13.3
3429.0,0.0,21.93
2132.0,5.0,22.29
3974.0,5.0,15.59
3485.0,0.0,20.7
4330.0,0.0,11.13
1833.0,0.0,15.19
2955.0,25.0,12.94
2986.0,0.0,18.5
3241.0,0.0,20.6
1624.0,0.0,22.8
4906.0,0.0,13.16
4927.0,0.0,22.67
192.0,5.0,17.4
1488.0,0.0,13.37
3099.0,0.0,18.89
3332.0,0.0,28.93
3830.0,0.0,15.3
4476.0,0.0,18.76
1730.0,0.0,19.11
4027.0,0.0,18.56
2808.0,0.0,16.66
3663.0,0.0,23.01
4585.0,0.0,20.16
3414.0,0.0,19.46
4933.0,0.0,21.01
4877.0,0.0,18.33
167.0,10.0,15.2
1615.0,0.0,21.18
3277.0,0.0,11.45
1025.0,25.0,2.49
1452.0,5.0,16.74
4332.0,0.0,18.33
2237.0,5.0,19.08
2330.0,5.0,15.17
4391.0,0.0,17.7
3313.0,5.0,22.59
4718.0,20.0,11.24
153.0,0.0,16.47
4024.0,0.0,18.63
4699.0,0.0,20.86
3400.0,0.0,19.33
1972.0,5.0,19.09
1182.0,0.0,17.56
2990.0,5.0,24.88
4329.0,0.0,12.9
2115.0,0.0,21.22
4833.0,0.0,19.31
4054.0,0.0,8.67
1590.0,10.0,17.74
32.0,0.0,12.35
938.0,0.0,31.12
2548.0,5.0,19.2
1996.0,0.0,23.79
3134.0,5.0,15.63
310.0,5.0,29.01
3976.0,0.0,29.89
1472.0,0.0,25.95
3129.0,0.0,25.48
2224.0,0.0,20.01
496.0,0.0,20.02
206.0,0.0,21.55
2689.0,0.0,17.12
3373.0,0.0,13.12
3849.0,5.0,25.63
306.0,0.0,23.03
3812.0,0.0,18.75
1809.0,5.0,24.26
1062.0,0.0,14.76
844.0,0.0,16.5
2729.0,0.0,27.15
2267.0,25.0,9.72
212.0,0.0,19.84
3734.0,0.0,20.98
680.0,0.0,22.07
566.0,0.0,23.21
3131.0,5.0,16.5
3712.0,25.0,13.19
681.0,0.0,17.3
181.0,0.0,18.07
4870.0,5.0,14.6
1236.0,0.0,20.08
2332.0,5.0,24.54
4284.0,25.0,13.38
279.0,0.0,21.1
1129.0,0.0,20.95
3713.0,5.0,27.76
433.0,0.0,14.8
290.0,5.0,24.39
1028.0,15.0,13.48
536.0,0.0,13.91
4354.0,0.0,14.13
189.0,0.0,15.34
2277.0,5.0,22.19
3934.0,10.0,16.44
3590.0,0.0,10.56
271.0,0.0,22.51
3456.0,0.0,22.04
4094.0,0.0,2.44
2173.0,5.0,14.8
4234.0,0.0,23.49
112.0,5.0,17.99
2484.0,0.0,11.53
221.0,0.0,20.22
628.0,0.0,21.02
1201.0,5.0,18.62
3372.0,0.0,22.19
2438.0,0.0,24.55
791.0,10.0,14.74
2329.0,30.0,10.8
462.0,0.0,18.68
4413.0,0.0,17.01
552.0,0.0,23.23
4104.0,0.0,22.78
1175.0,0.0,17.17
199.0,0.0,15.02
4033.0,5.0,16.39
3363.0,0.0,22.92
403.0,0.0,11.04
4579.0,0.0,21.84
4183.0,5.0,13.09
4774.0,0.0,19.79
4988.0,15.0,12.27
4813.0,0.0,17.17
4473.0,0.0,17.33
651.0,5.0,23.97
709.0,10.0,11.45
1502.0,0.0,18.02
4425.0,5.0,11.36
3991.0,5.0,12.89
2233.0,0.0,17.26
2342.0,0.0,21.95
315.0,0.0,21.6
1221.0,5.0,26.42
4485.0,5.0,14.91
114.0,5.0,20.66
961.0,0.0,20.72
2926.0,0.0,12.72
3275.0,0.0,12.04
1648.0,5.0,21.46
3338.0,5.0,15.34
2624.0,5.0,29.76
3210.0,0.0,22.39
1771.0,0.0,22.41
3430.0,0.0,30.94
4539.0,0.0,26.99
1838.0,0.0,14.84
1946.0,0.0,25.14
2499.0,0.0,20.05
4052.0,10.0,11.94
3309.0,10.0,15.8
4201.0,5.0,14.87
4393.0,5.0,18.07
2595.0,5.0,16.13
2116.0,0.0,22.28
1345.0,5.0,14.89
2877.0,0.0,16.64
3341.0,0.0,23.86
4864.0,5.0,13.77
3938.0,10.0,24.55
1651.0,0.0,27.97
790.0,0.0,24.83
2281.0,10.0,12.42
4655.0,0.0,19.54
4572.0,0.0,12.16
872.0,5.0,22.94
1721.0,0.0,26.71
1591.0,5.0,14.9
2728.0,0.0,17.77
74.0,5.0,16.88
1778.0,0.0,15.99
1617.0,0.0,25.99
1362.0,0.0,26.01
3025.0,0.0,12.48
1967.0,10.0,22.41
4586.0,15.0,17.38
3828.0,0.0,23.5
2260.0,0.0,17.74
2900.0,0.0,24.39
2223.0,0.0,24.79
495.0,5.0,12.23
3146.0,5.0,16.79
3530.0,0.0,24.1
1282.0,0.0,21.68
1165.0,10.0,18.72
1243.0,5.0,21.87
1756.0,5.0,16.05
1993.0,0.0,13.96
2195.0,0.0,22.97
1727.0,5.0,18.65
619.0,0.0,16.95
4934.0,5.0,19.81
1882.0,0.0,26.96
1630.0,0.0,15.75
4767.0,0.0,14.22
2089.0,0.0,19.38
3426.0,5.0,20.1
870.0,5.0,26.36
4709.0,0.0,18.23
1043.0,0.0,14.65
3385.0,5.0,18.28
357.0,5.0,16.74
1163.0,5.0,15.78
2781.0,0.0,18.32
2255.0,0.0,16.29
3166.0,0.0,21.71
3947.0,5.0,10.02
1790.0,0.0,16.74
3807.0,0.0,18.46
3658.0,5.0,14.19
1273.0,0.0,23.2
3151.0,15.0,19.44
333.0,0.0,12.85
1555.0,5.0,11.87
2752.0,0.0,22.23
2555.0,10.0,17.97
3686.0,0.0,23.46
1655.0,5.0,16.03
1117.0,0.0,17.47
4077.0,0.0,12.26
3571.0,15.0,13.74
4630.0,0.0,23.99
3904.0,5.0,18.02
4456.0,0.0,21.07
446.0,0.0,17.18
2616.0,10.0,14.66
453.0,0.0,24.86
4811.0,5.0,17.82
4445.0,0.0,23.29
4555.0,5.0,18.73
15.0,0.0,19.88
3108.0,0.0,20.63
946.0,10.0,14.16
248.0,0.0,30.47
4184.0,0.0,31.14
361.0,5.0,14.01
4667.0,0.0,19.19
3379.0,0.0,15.9
2319.0,0.0,26.37
1492.0,20.0,11.92
4776.0,5.0,19.12
1774.0,0.0,18.71
4633.0,5.0,19.3
4372.0,0.0,16.02
4895.0,0.0,21.18
2868.0,5.0,15.12
491.0,5.0,23.19
863.0,0.0,20.25
1766.0,0.0,13.15
2228.0,10.0,19.77
1903.0,0.0,18.12
2463.0,5.0,16.43
4113.0,0.0,14.77
507.0,0.0,17.52
2693.0,0.0,18.44
2016.0,15.0,19.66
4388.0,5.0,15.36
1223.0,0.0,16.52
1114.0,0.0,9.15
1933.0,0.0,20.31
3439.0,0.0,23.82
1375.0,5.0,14.91
4782.0,0.0,16.34
434.0,0.0,12.46
3876.0,0.0,13.65
3170.0,5.0,14.95
2851.0,5.0,15.27
2108.0,5.0,18.33
2649.0,0.0,16.06
4125.0,0.0,17.12
4636.0,0.0,18.43
2437.0,5.0,17.14
4995.0,0.0,18.8
1103.0,10.0,19.38
1770.0,5.0,26.96
1892.0,0.0,13.02
2155.0,0.0,23.57
3861.0,0.0,18.47
157.0,5.0,18.32
4921.0,0.0,23.31
2891.0,0.0,23.2
616.0,0.0,11.2
644.0,0.0,25.81
2881.0,0.0,21.23
2081.0,0.0,26.38
1069.0,0.0,21.45
3300.0,5.0,19.58
4290.0,0.0,18.28
4635.0,0.0,22.37
4164.0,0.0,15.09
331.0,0.0,19.29
4007.0,5.0,14.0
3017.0,0.0,16.32
2670.0,0.0,22.01
623.0,0.0,24.65
3860.0,0.0,15.96
3139.0,0.0,28.67
3435.0,0.0,18.68
2917.0,0.0,21.19
1947.0,5.0,17.98
1584.0,0.0,18.81
4407.0,0.0,19.42
756.0,0.0,22.08
519.0,0.0,23.27
3822.0,15.0,20.89
33.0,10.0,20.68
2953.0,0.0,18.75
1158.0,0.0,17.66
745.0,5.0,15.29
2482.0,0.0,16.95
2419.0,0.0,25.15
1973.0,15.0,19.73
2884.0,0.0,24.35
784.0,15.0,21.61
4491.0,0.0,24.18
2523.0,0.0,17.0
230.0,0.0,9.25
858.0,5.0,12.17
4911.0,20.0,14.58
2378.0,0.0,26.79
409.0,0.0,11.2
171.0,0.0,24.18
541.0,0.0,11.57
2226.0,0.0,26.76
2320.0,5.0,19.09
3482.0,5.0,20.91
614.0,5.0,25.94
4950.0,5.0,16.35
1834.0,0.0,23.31
3454.0,0.0,25.55
1162.0,0.0,13.77
2427.0,0.0,22.9
2381.0,5.0,21.48
1619.0,15.0,19.48
1635.0,10.0,10.69
1508.0,0.0,15.84
2214.0,0.0,19.87
565.0,0.0,16.88
4615.0,0.0,21.91
4258.0,0.0,21.49
2439.0,5.0,16.63
4797.0,0.0,18.58
2400.0,0.0,20.77
1421.0,10.0,19.72
4939.0,0.0,22.19
3492.0,5.0,21.98
3930.0,5.0,15.57
2743.0,5.0,12.56
2500.0,0.0,7.47
1406.0,0.0,24.73
1173.0,0.0,16.86
4327.0,5.0,27.37
326.0,5.0,26.15
1052.0,0.0,15.39
4977.0,5.0,20.07
3310.0,5.0,18.96
2901.0,0.0,18.98
2785.0,5.0,14.77
1197.0,0.0,5.43
621.0,0.0,15.24
1565.0,0.0,22.44
2895.0,0.0,19.98
1190.0,0.0,25.42
329.0,0.0,25.71
649.0,5.0,13.57
898.0,5.0,25.78
1490.0,0.0,19.98
1124.0,20.0,14.99
1919.0,0.0,21.26
4654.0,0.0,18.53
4387.0,0.0,22.0
1420.0,0.0,17.22
3817.0,0.0,11.77
2589.0,0.0,23.18
4716.0,0.0,24.56
3270.0,0.0,24.52
3695.0,0.0,23.18
2078.0,0.0,12.03
1024.0,10.0,20.82
3008.0,0.0,16.61
2407.0,0.0,14.04
1627.0,0.0,16.1
4295.0,20.0,12.53
2949.0,20.0,15.88
810.0,0.0,17.39
2866.0,0.0,21.28
979.0,0.0,6.58
4522.0,20.0,14.39
2706.0,5.0,15.52
3263.0,0.0,22.06
4449.0,0.0,19.84
2789.0,10.0,10.96
4158.0,5.0,28.51
1514.0,0.0,21.81
3479.0,0.0,16.28
2043.0,0.0,13.0
175.0,0.0,21.11
3291.0,0.0,21.48
1989.0,5.0,15.44
1504.0,0.0,24.11
4472.0,0.0,8.67
218.0,5.0,22.14
3933.0,0.0,17.43
3739.0,0.0,12.62
691.0,0.0,26.8
2593.0,0.0,25.08
3801.0,5.0,17.94
3474.0,0.0,28.6
1107.0,0.0,10.26
1551.0,0.0,26.13
2442.0,5.0,12.29
1552.0,10.0,12.78
612.0,5.0,14.7
3257.0,5.0,19.44
3730.0,5.0,16.9
577.0,15.0,16.49
2079.0,0.0,9.98
4446.0,0.0,9.82
1181.0,0.0,14.52
889.0,5.0,11.76
3144.0,0.0,24.22
3925.0,0.0,8.36
2679.0,0.0,6.73
818.0,0.0,16.55
3293.0,5.0,16.0
1887.0,0.0,16.89
209.0,10.0,15.49
294.0,0.0,16.79
1120.0,0.0,17.75
2229.0,0.0,20.02
2252.0,0.0,16.1
1265.0,0.0,20.57
991.0,5.0,17.52
4294.0,0.0,9.3
1533.0,0.0,20.72
354.0,10.0,18.88
1879.0,0.0,23.4
3657.0,10.0,12.01
4026.0,5.0,16.44
2571.0,15.0,9.81
3064.0,5.0,24.8
1229.0,5.0,14.96
260.0,0.0,21.38
1542.0,0.0,31.71
4804.0,0.0,17.02
4750.0,0.0,17.25
4842.0,0.0,16.71
2597.0,0.0,21.71
53.0,5.0,17.92
2212.0,0.0,20.86
1868.0,5.0,27.69
3572.0,0.0,20.09
3654.0,5.0,15.43
2803.0,0.0,18.44
2898.0,0.0,23.96
1480.0,0.0,22.52
1034.0,0.0,17.3
1098.0,0.0,19.71
1470.0,0.0,19.35
544.0,30.0,6.19
1047.0,0.0,20.58
1922.0,5.0,22.09
1596.0,5.0,19.69
31.0,0.0,30.21
726.0,0.0,23.81
2451.0,30.0,6.64
4529.0,0.0,16.14
3922.0,0.0,17.65
1427.0,5.0,19.57
2513.0,0.0,15.72
437.0,0.0,19.46
4746.0,0.0,19.14
913.0,0.0,22.65
4232.0,5.0,24.66
4174.0,5.0,10.75
4523.0,10.0,13.35
4311.0,0.0,17.14
2303.0,0.0,7.74
2707.0,5.0,27.58
1239.0,0.0,16.3
904.0,5.0,15.55
4244.0,0.0,23.78
3160.0,0.0,12.01
4005.0,0.0,21.48
508.0,5.0,15.68
4511.0,0.0,21.48
184.0,0.0,30.68
4336.0,0.0,13.17
1498.0,0.0,19.24
3888.0,10.0,13.38
322.0,5.0,13.03
2520.0,5.0,12.95
1534.0,0.0,22.02
3814.0,5.0,20.64
2396.0,5.0,19.95
2701.0,0.0,17.9
4626.0,0.0,21.25
2660.0,0.0,17.59
4448.0,0.0,19.84
1147.0,20.0,13.1
4474.0,0.0,19.88
45.0,5.0,17.24
2526.0,0.0,21.86
3467.0,0.0,21.13
1850.0,5.0,17.85
1379.0,0.0,21.2
4845.0,25.0,11.26
3028.0,0.0,20.29
414.0,0.0,19.85
2174.0,0.0,20.6
1408.0,0.0,15.78
2125.0,5.0,19.42
802.0,5.0,7.42
1289.0,0.0,16.97
2198.0,0.0,20.93
2458.0,5.0,16.1
1722.0,5.0,17.89
2334.0,5.0,26.06
257.0,5.0,16.68
4540.0,0.0,15.3
1715.0,0.0,8.3
1152.0,0.0,23.19
2317.0,30.0,12.95
648.0,0.0,9.36
4495.0,0.0,11.5
4245.0,5.0,14.09
4217.0,0.0,12.77
3787.0,0.0,20.33
1316.0,0.0,28.54
2030.0,5.0,15.53
3254.0,0.0,28.08
2481.0,0.0,21.39
3728.0,0.0,15.83
1351.0,5.0,17.26
2516.0,5.0,18.86
113.0,0.0,22.46
3149.0,5.0,17.8
264.0,0.0,19.96
1394.0,0.0,23.67
1906.0,0.0,24.18
1187.0,0.0,22.18
2368.0,0.0,16.57
57.0,0.0,17.89
1310.0,0.0,18.03
696.0,0.0,22.36
4213.0,0.0,22.14
4763.0,20.0,14.35
1752.0,0.0,20.12
1925.0,0.0,22.19
4031.0,5.0,16.03
320.0,0.0,11.32
2338.0,5.0,15.01
683.0,0.0,15.48
2331.0,15.0,14.99
4697.0,0.0,18.28
3566.0,0.0,13.92
3524.0,0.0,16.31
3857.0,10.0,7.3
287.0,0.0,16.47
2187.0,10.0,17.27
4274.0,0.0,17.1
3362.0,10.0,13.15
1745.0,15.0,17.98
1741.0,5.0,8.8
3516.0,20.0,9.43
1836.0,5.0,19.13
2099.0,0.0,9.44
737.0,5.0,17.29
3351.0,5.0,17.41
337.0,5.0,16.51
3502.0,0.0,20.9
4562.0,0.0,12.7
2657.0,20.0,16.88
4415.0,0.0,22.16
1072.0,5.0,14.7
2306.0,0.0,15.2
1698.0,5.0,27.98
3593.0,0.0,21.23
3634.0,10.0,18.72
4123.0,20.0,12.18
4955.0,0.0,15.3
3382.0,0.0,24.2
1489.0,0.0,18.44
499.0,0.0,13.91
4355.0,0.0,16.34
3246.0,5.0,18.92
2573.0,0.0,14.12
2601.0,0.0,17.69
3289.0,25.0,11.0
4423.0,0.0,18.6
2146.0,0.0,13.75
1611.0,0.0,12.03
2352.0,0.0,22.36
4202.0,0.0,14.03
3249.0,5.0,24.92
1023.0,0.0,20.56
2298.0,5.0,18.75
4897.0,0.0,15.44
2705.0,5.0,20.57
3079.0,0.0,13.35
2046.0,5.0,12.6
666.0,5.0,11.86
3951.0,0.0,22.39
2654.0,10.0,9.65
1927.0,10.0,9.38
4276.0,5.0,22.85
2182.0,15.0,18.33
1018.0,5.0,19.02
558.0,0.0,16.07
2415.0,25.0,14.58
1208.0,0.0,20.21
3868.0,0.0,20.47
2672.0,0.0,26.33
4380.0,5.0,13.52
1511.0,0.0,10.89
4288.0,0.0,22.21
246.0,30.0,7.43
1164.0,5.0,13.67
4400.0,0.0,22.81
267.0,0.0,12.65
3075.0,0.0,30.25
1115.0,0.0,26.39
64.0,0.0,14.87
2608.0,0.0,17.64
4972.0,5.0,19.26
2979.0,5.0,21.42
3027.0,0.0,24.93
3092.0,0.0,31.54
3920.0,0.0,17.05
4352.0,0.0,14.46
2275.0,10.0,13.05
2578.0,0.0,18.8
3517.0,5.0,12.16
1238.0,5.0,10.85
104.0,0.0,24.03
2659.0,0.0,15.31
273.0,10.0,14.05
509.0,0.0,16.66
4347.0,0.0,24.05
4944.0,5.0,17.93
4075.0,5.0,15.87
866.0,5.0,13.25
4198.0,0.0,25.27
909.0,5.0,19.0
3476.0,5.0,19.19
4110.0,5.0,21.42
3915.0,5.0,22.3
1628.0,25.0,13.86
4973.0,0.0,22.81
1523.0,0.0,24.4
836.0,10.0,14.97
359.0,10.0,10.91
139.0,5.0,25.87
300.0,0.0,18.53
1557.0,0.0,14.28
1004.0,5.0,28.78
383.0,0.0,9.35
942.0,0.0,13.84
4228.0,0.0,21.82
4553.0,0.0,21.25
762.0,15.0,13.95
1731.0,0.0,22.46
2824.0,0.0,16.41
4731.0,0.0,19.28
2102.0,0.0,12.63
4609.0,0.0,22.96
899.0,5.0,17.11
4018.0,5.0,19.66
3803.0,0.0,24.27
1403.0,5.0,14.83
2380.0,5.0,19.09
3804.0,0.0,17.98
4397.0,0.0,23.78
2971.0,5.0,16.34
1513.0,0.0,20.5
1189.0,0.0,27.36
3771.0,0.0,18.63
4929.0,5.0,21.58
3895.0,0.0,16.42
3949.0,5.0,16.43
109.0,0.0,24.26
2749.0,5.0,19.43
2324.0,0.0,19.8
3504.0,10.0,10.15
59.0,5.0,16.57
77.0,5.0,19.47
797.0,0.0,24.28
369.0,0.0,17.03
4916.0,0.0,13.69
786.0,0.0,24.37
2104.0,5.0,21.42
4392.0,10.0,26.09
2035.0,0.0,18.67
2124.0,0.0,21.88
3779.0,0.0,16.9
2414.0,0.0,24.16
1729.0,5.0,32.06
122.0,15.0,10.5
1871.0,0.0,22.57
2385.0,0.0,26.27
3661.0,0.0,17.05
911.0,0.0,23.41
125.0,5.0,19.61
4478.0,0.0,27.33
1587.0,5.0,20.96
1258.0,0.0,19.61
3457.0,0.0,26.79
3497.0,5.0,15.97
3399.0,5.0,13.56
1179.0,0.0,15.22
2856.0,5.0,18.64
3486.0,0.0,27.87
4589.0,0.0,7.03
2119.0,5.0,16.05
443.0,15.0,19.78
3101.0,0.0,21.44
2887.0,10.0,16.39
926.0,0.0,24.23
2348.0,5.0,16.34
2375.0,5.0,17.47
4781.0,15.0,12.49
1412.0,0.0,25.27
3483.0,0.0,23.82
3023.0,5.0,20.12
1510.0,5.0,17.4
1228.0,0.0,19.67
3619.0,5.0,15.27
2371.0,0.0,21.73
3529.0,0.0,18.76
2165.0,25.0,14.11
3296.0,0.0,16.9
325.0,5.0,26.35
3095.0,0.0,18.61
3272.0,5.0,19.6
2037.0,5.0,13.52
3314.0,5.0,17.77
3051.0,5.0,20.28
1499.0,5.0,20.15
1503.0,5.0,25.71
1007.0,5.0,19.83
2635.0,0.0,27.24
4909.0,15.0,11.18
3533.0,0.0,22.73
1468.0,0.0,14.37
1226.0,0.0,23.45
2006.0,0.0,29.28
2283.0,0.0,22.0
2111.0,0.0,24.3
1217.0,5.0,13.07
3995.0,0.0,21.6
4287.0,0.0,21.34
421.0,0.0,21.52
3438.0,5.0,11.28
7.0,0.0,19.54
933.0,0.0,22.64
1692.0,0.0,18.81
440.0,0.0,20.36
1314.0,5.0,24.2
679.0,5.0,24.28
4180.0,0.0,23.57
4621.0,5.0,13.83
2003.0,0.0,25.59
2479.0,5.0,8.88
4644.0,5.0,18.21
2903.0,5.0,18.97
2534.0,0.0,21.69
4943.0,15.0,14.91
4056.0,0.0,21.34
3942.0,0.0,23.72
4255.0,30.0,13.3
2793.0,5.0,14.13
2656.0,0.0,16.49
195.0,0.0,15.56
1475.0,5.0,16.05
4297.0,0.0,19.05
1212.0,10.0,14.55
2756.0,0.0,15.49
1658.0,0.0,7.94
2716.0,20.0,14.0
3035.0,0.0,27.82
4095.0,15.0,19.36
3627.0,0.0,18.27
1873.0,0.0,14.2
1878.0,0.0,27.61
1131.0,30.0,11.02
1462.0,0.0,17.46
277.0,5.0,15.42
4873.0,5.0,16.6
2347.0,0.0,23.29
2312.0,0.0,22.16
1303.0,0.0,20.6
3065.0,0.0,24.6
223.0,5.0,18.45
4651.0,0.0,19.96
4384.0,0.0,19.66
574.0,0.0,22.61
1237.0,0.0,16.11
3561.0,0.0,22.94
3689.0,0.0,22.28
1335.0,30.0,13.93
2810.0,0.0,19.63
419.0,5.0,13.91
268.0,0.0,14.7
1105.0,5.0,16.14
258.0,0.0,9.72
296.0,0.0,30.82
2532.0,0.0,13.76
387.0,0.0,19.74
3324.0,0.0,16.17
3106.0,5.0,10.16
2575.0,0.0,22.26
4047.0,10.0,21.97
4346.0,0.0,18.79
4129.0,0.0,23.34
4162.0,0.0,11.42
4395.0,0.0,21.54
1564.0,5.0,14.7
1920.0,5.0,8.18
1401.0,5.0,22.95
713.0,0.0,18.56
2365.0,0.0,22.05
2943.0,5.0,16.72
210.0,10.0,16.9
3962.0,0.0,23.95
1290.0,0.0,16.08
2615.0,5.0,14.87
450.0,0.0,23.9
4103.0,5.0,13.9
2585.0,0.0,23.84
1821.0,0.0,16.01
959.0,0.0,17.18
1794.0,5.0,18.41
4952.0,5.0,19.47
655.0,5.0,10.57
2423.0,0.0,18.25
3871.0,0.0,23.97
2408.0,10.0,14.06
1761.0,0.0,25.96
2370.0,0.0,17.81
3940.0,0.0,16.14
4370.0,0.0,29.81
412.0,5.0,21.5
1775.0,0.0,13.71
4463.0,0.0,22.56
2202.0,0.0,21.05
4092.0,5.0,16.41
3723.0,5.0,18.31
4322.0,5.0,14.0
4785.0,5.0,21.73
3721.0,0.0,11.93
4641.0,0.0,15.0
4687.0,0.0,13.23
3575.0,5.0,16.82
1984.0,5.0,10.83
3383.0,0.0,28.44
4151.0,0.0,21.78
3587.0,5.0,17.88
431.0,0.0,18.78
3124.0,0.0,26.38
3838.0,5.0,18.31
1367.0,5.0,19.8
2611.0,5.0,13.41
3840.0,0.0,24.76
1177.0,0.0,20.26
3348.0,0.0,27.19
1477.0,0.0,16.96
3168.0,30.0,14.63
4969.0,5.0,18.8
103.0,0.0,22.81
1943.0,5.0,15.24
4925.0,0.0,20.73
1264.0,0.0,15.0
3378.0,5.0,17.94
3154.0,5.0,19.2
4510.0,5.0,24.9
3077.0,0.0,27.53
2755.0,0.0,24.39
3604.0,0.0,20.93
3905.0,0.0,17.58
2989.0,0.0,21.34
1644.0,15.0,10.86
4516.0,5.0,7.09
1.0,10.0,18.03
1581.0,5.0,9.11
4433.0,5.0,20.04
4126.0,5.0,19.6
1357.0,0.0,21.69
3407.0,5.0,17.71
2343.0,0.0,17.97
2406.0,15.0,14.23
2053.0,5.0,27.0
2234.0,0.0,17.0
397.0,5.0,22.49
4115.0,0.0,17.84
1065.0,0.0,22.86
4624.0,0.0,22.03
2169.0,0.0,18.44
819.0,0.0,22.28
1813.0,0.0,22.45
2568.0,5.0,19.46
1553.0,5.0,14.17
3136.0,0.0,25.54
817.0,5.0,15.94
1573.0,5.0,19.92
4526.0,5.0,15.22
1801.0,5.0,16.0
4946.0,0.0,23.96
382.0,5.0,19.03
3334.0,0.0,20.26
3842.0,5.0,16.52
2310.0,5.0,19.9
3520.0,0.0,18.21
4941.0,0.0,29.62
1781.0,10.0,17.23
2742.0,25.0,14.45
2623.0,5.0,20.87
2349.0,0.0,20.16
865.0,0.0,18.12
3036.0,10.0,13.0
3180.0,0.0,30.48
555.0,0.0,20.06
1160.0,5.0,14.93
1214.0,0.0,25.79
4236.0,0.0,22.21
3617.0,10.0,14.51
49.0,5.0,15.98
3164.0,5.0,14.77
701.0,5.0,14.54
653.0,0.0,24.25
3882.0,5.0,17.51
3327.0,0.0,20.44
749.0,30.0,11.65
1456.0,0.0,17.11
4205.0,0.0,29.46
2101.0,0.0,20.82
2025.0,0.0,19.71
867.0,0.0,18.79
753.0,0.0,17.25
1645.0,10.0,15.38
93.0,5.0,13.22
4608.0,0.0,22.7
3117.0,0.0,22.14
2448.0,0.0,20.73
2645.0,15.0,18.19
1491.0,0.0,18.89
2911.0,0.0,18.64
4374.0,0.0,20.74
730.0,0.0,18.68
2733.0,10.0,17.19
2487.0,0.0,21.16
3997.0,0.0,11.92
1937.0,0.0,21.27
1746.0,5.0,19.89
4450.0,0.0,13.65
4020.0,0.0,17.51
4102.0,5.0,19.37
1958.0,0.0,20.12
1111.0,10.0,18.29
3353.0,0.0,27.38
4051.0,0.0,15.98
4482.0,0.0,16.64
4167.0,5.0,10.11
347.0,10.0,11.84
1186.0,5.0,9.08
4025.0,0.0,22.62
1516.0,20.0,14.65
4680.0,0.0,27.92
579.0,10.0,9.44
1965.0,0.0,20.64
76.0,0.0,23.13
1430.0,0.0,14.33
3752.0,0.0,19.77
4441.0,0.0,18.33
4324.0,15.0,14.56
4963.0,0.0,21.06
1847.0,15.0,14.22
132.0,5.0,15.53
179.0,0.0,11.06
2965.0,0.0,21.18
4477.0,25.0,8.93
2711.0,0.0,16.87
4702.0,0.0,17.56
1843.0,5.0,18.33
2218.0,0.0,23.74
3594.0,0.0,15.14
2389.0,0.0,15.88
605.0,0.0,15.98
2643.0,30.0,5.94
26.0,0.0,15.81
659.0,0.0,14.26
1897.0,0.0,9.83
3545.0,5.0,26.0
4769.0,0.0,16.71
174.0,0.0,9.82
1612.0,30.0,6.18
438.0,0.0,16.12
332.0,5.0,22.56
1455.0,5.0,23.3
343.0,0.0,17.01
3214.0,5.0,7.42
2562.0,0.0,18.39
1089.0,0.0,31.53
480.0,0.0,20.49
728.0,0.0,18.85
3802.0,0.0,16.77
977.0,0.0,23.34
2054.0,0.0,26.45
2993.0,0.0,22.77
1929.0,10.0,9.86
1469.0,5.0,24.04
1225.0,0.0,8.72
3729.0,0.0,17.69
1953.0,0.0,18.33
4841.0,0.0,14.14
4616.0,5.0,25.96
1893.0,5.0,13.17
1300.0,0.0,19.51
3806.0,0.0,23.75
4610.0,0.0,25.85
661.0,0.0,9.65
4761.0,0.0,22.94
2410.0,5.0,14.11
4571.0,0.0,24.05
2992.0,5.0,21.67
4735.0,0.0,12.28
3067.0,5.0,25.86
2719.0,10.0,19.44
3614.0,0.0,15.76
3207.0,0.0,16.42
1279.0,0.0,20.35
3086.0,0.0,18.45
1622.0,0.0,21.11
3692.0,0.0,17.01
2847.0,0.0,22.18
68.0,5.0,20.05
4265.0,0.0,15.0
4627.0,30.0,6.86
3809.0,0.0,23.56
821.0,0.0,16.11
1227.0,0.0,20.6
3007.0,15.0,8.37
4273.0,5.0,14.92
2759.0,0.0,22.58
4468.0,30.0,9.47
4280.0,0.0,12.8
3365.0,30.0,13.73
1144.0,0.0,13.85
398.0,0.0,19.1
2922.0,0.0,24.76
4312.0,5.0,19.72
3037.0,5.0,15.87
1399.0,0.0,21.55
1660.0,5.0,19.38
980.0,10.0,12.01
1299.0,5.0,17.28
3419.0,0.0,16.45
83.0,5.0,19.48
3709.0,10.0,14.87
2474.0,30.0,10.52
3758.0,0.0,22.15
3800.0,0.0,18.53
2304.0,0.0,17.57
424.0,0.0,8.29
4350.0,5.0,13.69
1905.0,5.0,19.8
4625.0,0.0,23.71
4120.0,0.0,18.21
4317.0,5.0,19.64
1566.0,0.0,23.68
3371.0,0.0,23.01
840.0,0.0,20.94
501.0,10.0,5.39
142.0,25.0,12.93
1378.0,0.0,22.57
4016.0,5.0,14.37
3260.0,0.0,16.06
1139.0,5.0,17.45
3097.0,0.0,22.17
1788.0,15.0,14.36
2582.0,0.0,25.45
551.0,0.0,22.37
3115.0,0.0,19.77
2020.0,10.0,17.74
949.0,0.0,22.04
2276.0,10.0,14.59
533.0,5.0,16.22
1830.0,10.0,16.5
2933.0,5.0,23.65
4429.0,5.0,16.07
3890.0,0.0,17.34
1603.0,0.0,29.87
640.0,0.0,21.7
4843.0,0.0,15.01
968.0,5.0,14.63
4248.0,0.0,20.2
2641.0,10.0,14.29
1684.0,5.0,21.64
4481.0,5.0,20.53
2358.0,0.0,17.29
156.0,0.0,21.64
2630.0,0.0,25.5
4160.0,0.0,25.52
1090.0,5.0,16.35
3821.0,0.0,28.86
4251.0,0.0,21.95
289.0,10.0,21.37
931.0,5.0,19.88
2551.0,0.0,14.43
2278.0,0.0,25.29
3387.0,5.0,12.3
2699.0,5.0,17.27
3894.0,0.0,17.19
943.0,5.0,17.18
3878.0,15.0,18.59
4673.0,5.0,17.17
1699.0,5.0,14.83
4719.0,0.0,20.96
3197.0,0.0,15.67
2522.0,0.0,24.14
2827.0,0.0,22.34
986.0,5.0,17.81
2788.0,0.0,25.03
3083.0,0.0,20.53
2584.0,20.0,13.01
4788.0,15.0,8.92
982.0,5.0,19.23
2750.0,0.0,16.77
2446.0,5.0,21.77
4698.0,5.0,19.43
2958.0,5.0,27.68
3544.0,5.0,17.58
4708.0,5.0,18.86
1458.0,0.0,23.74
1396.0,0.0,18.99
265.0,25.0,12.14
3683.0,5.0,16.28
930.0,5.0,18.02
3076.0,10.0,10.6
2708.0,0.0,10.64
247.0,0.0,25.63
3608.0,0.0,16.96
1759.0,5.0,19.6
4915.0,0.0,21.72
2826.0,0.0,17.66
924.0,10.0,11.9
3096.0,0.0,19.59
269.0,10.0,18.1
670.0,0.0,13.95
2751.0,30.0,15.37
1911.0,0.0,24.9
3001.0,0.0,26.32
1153.0,5.0,19.79
4828.0,5.0,17.73
3471.0,0.0,10.32
4252.0,0.0,18.01
3896.0,0.0,22.07
2188.0,0.0,12.94
2998.0,5.0,15.87
1916.0,0.0,4.68
613.0,15.0,10.58
3751.0,0.0,14.6
4604.0,0.0,19.67
1899.0,0.0,17.85
1650.0,0.0,12.36
3169.0,10.0,10.45
259.0,5.0,17.15
848.0,5.0,23.02
4373.0,0.0,12.89
1234.0,5.0,25.13
1128.0,15.0,14.55
1968.0,5.0,19.18
559.0,0.0,17.81
4778.0,0.0,21.37
485.0,0.0,22.44
1321.0,15.0,11.58
2760.0,10.0,21.77
8.0,0.0,20.93
3460.0,0.0,22.18
3205.0,5.0,21.93
1451.0,0.0,13.74
3999.0,0.0,25.18
1815.0,0.0,23.53
774.0,5.0,25.19
1012.0,0.0,16.99
2834.0,0.0,15.09
2464.0,10.0,12.09
1992.0,5.0,17.97
1278.0,0.0,21.53
1784.0,5.0,17.87
4066.0,0.0,18.03
447.0,0.0,19.88
881.0,0.0,24.83
4470.0,0.0,7.58
782.0,0.0,22.49
1750.0,5.0,15.05
3404.0,0.0,30.14
4892.0,0.0,16.25
884.0,0.0,20.8
2945.0,10.0,12.49
1092.0,0.0,22.01
4672.0,0.0,11.3
532.0,5.0,14.64
4041.0,0.0,21.64
3340.0,0.0,18.09
4590.0,0.0,15.93
1728.0,0.0,19.25
611.0,0.0,18.8
571.0,0.0,21.2
2687.0,5.0,15.29
3044.0,0.0,11.4
344.0,0.0,12.26
3016.0,0.0,23.83
3155.0,0.0,11.59
435.0,0.0,20.5
1904.0,0.0,17.26
3823.0,5.0,15.66
2790.0,15.0,10.85
2070.0,0.0,16.53
1538.0,0.0,21.37
2268.0,0.0,21.79
2362.0,25.0,9.29
1518.0,0.0,13.94
966.0,0.0,23.39
4417.0,0.0,18.04
529.0,0.0,23.61
177.0,0.0,23.13
4595.0,0.0,14.87
4109.0,5.0,12.87
4308.0,0.0,12.1
573.0,0.0,9.81
2315.0,5.0,22.79
3525.0,0.0,26.29
2940.0,0.0,25.16
3227.0,5.0,16.17
4328.0,0.0,15.43
2209.0,5.0,16.44
2581.0,0.0,25.59
2771.0,0.0,21.13
384.0,0.0,17.18
853.0,0.0,25.98
1881.0,0.0,9.71
371.0,5.0,16.17
4338.0,10.0,15.14
4334.0,0.0,21.39
1106.0,0.0,22.41
2587.0,0.0,18.05
3965.0,10.0,15.37
1337.0,15.0,16.47
2190.0,0.0,14.66
4605.0,0.0,15.89
2673.0,0.0,16.23
3618.0,0.0,13.01
2946.0,0.0,21.69
4859.0,5.0,17.93
1172.0,0.0,18.2
3993.0,0.0,21.56
4279.0,15.0,6.71
1423.0,15.0,11.09
3208.0,5.0,15.97
4128.0,0.0,20.87
4363.0,0.0,30.27
1465.0,0.0,22.6
875.0,5.0,11.17
2340.0,0.0,19.45
4351.0,0.0,15.87
1252.0,5.0,24.29
4970.0,0.0,26.42
841.0,5.0,17.36
3085.0,5.0,14.73
582.0,5.0,19.91
205.0,5.0,13.41
1642.0,10.0,20.18
2015.0,0.0,21.34
906.0,0.0,22.21
632.0,0.0,26.39
4794.0,0.0,12.98
1975.0,5.0,17.63
163.0,0.0,18.98
3188.0,20.0,14.54
2880.0,10.0,20.28
4506.0,5.0,17.6
618.0,0.0,32.05
4087.0,0.0,15.49
1432.0,0.0,17.38
548.0,0.0,18.12
3350.0,10.0,14.05
4557.0,15.0,15.89
4233.0,0.0,22.73
2403.0,0.0,17.58
2681.0,0.0,25.41
2493.0,10.0,20.28
4084.0,0.0,19.91
1862.0,0.0,15.33
641.0,10.0,11.23
3003.0,0.0,23.55
638.0,0.0,21.83
4121.0,5.0,14.85
3929.0,10.0,15.84
3002.0,5.0,16.91
2097.0,5.0,15.63
3911.0,0.0,29.71
4032.0,5.0,25.18
3693.0,5.0,9.78
2857.0,0.0,20.82
922.0,5.0,27.92
547.0,5.0,20.3
3685.0,0.0,29.68
1901.0,0.0,8.24
2029.0,0.0,26.04
2302.0,30.0,9.91
1886.0,0.0,22.56
1643.0,5.0,11.3
3526.0,0.0,22.23
4820.0,0.0,11.57
2098.0,0.0,20.02
4368.0,0.0,16.76
4663.0,0.0,22.49
4505.0,0.0,24.11
4978.0,5.0,15.68
837.0,5.0,16.64
602.0,0.0,23.04
2185.0,0.0,21.45
3884.0,0.0,23.47
2805.0,10.0,16.23
4318.0,0.0,15.88
1583.0,0.0,24.01
4726.0,5.0,18.29
3319.0,0.0,21.37
3978.0,0.0,23.03
1071.0,0.0,15.86
1776.0,0.0,21.0
4819.0,0.0,23.79
1284.0,0.0,13.29
3066.0,0.0,22.37
4764.0,0.0,22.36
1837.0,0.0,22.38
4253.0,0.0,20.84
1020.0,0.0,17.28
3221.0,5.0,19.63
1327.0,0.0,17.71
476.0,10.0,15.95
3464.0,5.0,10.95
1652.0,5.0,19.6
4017.0,0.0,21.99
4296.0,0.0,24.39
4190.0,0.0,22.67
4671.0,30.0,14.61
2599.0,0.0,16.61
1374.0,0.0,21.13
740.0,0.0,18.11
4408.0,10.0,14.64
4693.0,0.0,21.29
868.0,5.0,14.17
1141.0,0.0,32.03
998.0,0.0,22.29
1338.0,0.0,14.37
542.0,5.0,11.1
1100.0,10.0,12.96
1133.0,5.0,18.09
4083.0,0.0,24.0
4130.0,0.0,16.75
2259.0,0.0,24.3
4006.0,0.0,20.57
60.0,5.0,16.09
4204.0,0.0,29.6
1939.0,0.0,17.04
2592.0,0.0,22.15
4947.0,0.0,18.72
1079.0,0.0,23.43
3380.0,0.0,21.49
3143.0,0.0,18.65
2504.0,5.0,19.26
941.0,30.0,10.84
1081.0,5.0,16.75
188.0,0.0,5.85
2650.0,0.0,20.8
2086.0,0.0,23.55
2250.0,0.0,21.85
4901.0,0.0,8.21
2024.0,0.0,21.61
2698.0,0.0,30.05
4067.0,20.0,13.66
3625.0,0.0,15.24
227.0,0.0,22.51
3320.0,0.0,30.37
1930.0,0.0,21.03
3936.0,10.0,21.77
4787.0,0.0,18.59
1405.0,0.0,22.43
2180.0,0.0,20.38
698.0,15.0,13.13
1125.0,5.0,19.25
2811.0,5.0,19.85
2935.0,0.0,21.82
1779.0,0.0,17.97
2874.0,10.0,14.0
1038.0,0.0,18.91
4185.0,0.0,14.44
2257.0,0.0,28.6
314.0,10.0,12.42
2282.0,5.0,19.73
1417.0,0.0,30.97
1037.0,5.0,13.27
2160.0,0.0,10.5
4173.0,5.0,11.41
1755.0,5.0,13.52
3128.0,5.0,24.33
3635.0,0.0,20.82
4975.0,0.0,20.27
4531.0,5.0,24.55
3361.0,5.0,18.01
4751.0,25.0,10.38
1507.0,15.0,10.56
1924.0,5.0,25.51
449.0,0.0,19.86
2459.0,5.0,11.72
2544.0,5.0,19.92
4980.0,30.0,13.47
4574.0,5.0,21.86
362.0,0.0,19.49
2184.0,15.0,11.96
1135.0,0.0,21.99
3899.0,0.0,17.39
2156.0,0.0,15.38
1831.0,0.0,21.13
1054.0,0.0,29.8
23.0,0.0,22.36
2067.0,0.0,23.68
1654.0,30.0,10.79
2603.0,0.0,20.85
3226.0,0.0,21.65
2813.0,0.0,10.55
4055.0,0.0,24.21
2326.0,5.0,27.49
461.0,0.0,26.65
1068.0,0.0,21.22
88.0,0.0,16.68
1431.0,5.0,19.21
2663.0,0.0,18.44
283.0,0.0,16.95
463.0,0.0,16.51
213.0,0.0,15.29
2634.0,0.0,15.0
1369.0,10.0,20.47
235.0,0.0,17.27
3552.0,0.0,16.27
598.0,0.0,17.56
4431.0,5.0,11.94
2251.0,0.0,18.44
4050.0,0.0,14.94
2284.0,0.0,18.43
663.0,0.0,15.38
4974.0,10.0,11.98
2286.0,0.0,24.08
4727.0,0.0,18.66
3209.0,0.0,13.1
2519.0,5.0,28.06
3448.0,0.0,20.6
780.0,15.0,12.19
4211.0,0.0,23.83
3442.0,0.0,21.68
4874.0,30.0,4.75
4469.0,0.0,18.0
4846.0,0.0,15.53
686.0,10.0,15.07
3185.0,0.0,18.93
4254.0,10.0,12.34
4122.0,0.0,13.85
2172.0,5.0,12.06
3556.0,0.0,21.45
1851.0,0.0,26.01
488.0,0.0,26.54
1689.0,5.0,28.6
2231.0,0.0,10.73
3280.0,0.0,18.47
2321.0,25.0,9.64
783.0,0.0,22.19
522.0,10.0,19.89
523.0,0.0,20.5
3600.0,0.0,18.79
3971.0,0.0,14.4
2399.0,10.0,15.1
2208.0,0.0,18.31
3494.0,5.0,18.99
3569.0,0.0,15.41
3756.0,5.0,16.07
2838.0,0.0,22.6
1512.0,5.0,14.99
1883.0,0.0,17.76
652.0,20.0,7.64
2802.0,0.0,26.0
3406.0,0.0,17.77
370.0,5.0,21.83
2655.0,0.0,16.37
119.0,0.0,16.59
4014.0,0.0,19.27
3050.0,0.0,29.11
2217.0,5.0,13.87
3559.0,0.0,23.24
1614.0,5.0,21.43
4257.0,0.0,13.36
963.0,0.0,21.7
2511.0,0.0,21.34
3564.0,0.0,17.71
4652.0,0.0,23.42
3461.0,10.0,12.8
3048.0,20.0,15.16
2416.0,0.0,17.46
4665.0,0.0,24.78
4247.0,5.0,19.92
2186.0,0.0,26.97
2837.0,0.0,17.47
2038.0,5.0,15.28
4272.0,0.0,16.24
773.0,0.0,22.33
1285.0,0.0,21.52
4614.0,5.0,30.27
4747.0,5.0,15.97
1415.0,0.0,10.82
1235.0,0.0,18.32
2715.0,0.0,12.51
436.0,5.0,20.05
1675.0,5.0,26.64
366.0,10.0,26.46
2665.0,0.0,17.26
232.0,20.0,4.29
4278.0,30.0,10.76
4060.0,5.0,20.82
4410.0,20.0,14.2
408.0,0.0,20.35
2091.0,5.0,12.66
87.0,0.0,19.43
845.0,0.0,20.51
1032.0,5.0,17.71
2647.0,20.0,13.01
4078.0,5.0,14.67
4289.0,10.0,16.5
3245.0,0.0,18.49
2674.0,30.0,12.91
856.0,0.0,19.48
79.0,0.0,30.76
2248.0,0.0,21.8
4581.0,0.0,9.13
3675.0,5.0,13.31
2928.0,0.0,28.05
2925.0,0.0,16.94
2280.0,5.0,12.97
4951.0,0.0,18.09
4169.0,0.0,17.73
3889.0,0.0,22.35
3444.0,5.0,20.08
2177.0,0.0,19.53
425.0,0.0,17.25
393.0,5.0,16.38
4805.0,5.0,20.41
3650.0,0.0,27.04
105.0,5.0,11.04
3921.0,0.0,18.16
3152.0,0.0,22.37
1949.0,0.0,29.59
1460.0,5.0,22.04
3897.0,0.0,17.21
2819.0,10.0,26.95
2722.0,0.0,25.64
4800.0,5.0,12.22
1588.0,0.0,20.34
4223.0,0.0,19.35
1732.0,5.0,18.59
4775.0,5.0,13.63
3732.0,5.0,24.05
3700.0,5.0,13.16
1792.0,10.0,16.93
2356.0,0.0,11.02
1941.0,0.0,18.32
703.0,5.0,19.83
2443.0,0.0,18.61
2830.0,0.0,17.83
497.0,5.0,13.55
465.0,0.0,12.91
2703.0,0.0,14.45
4344.0,0.0,21.08
173.0,5.0,14.73
4096.0,0.0,15.15
4807.0,0.0,18.52
2541.0,0.0,20.03
3278.0,0.0,8.86
4210.0,5.0,21.68
2261.0,0.0,16.77
2113.0,10.0,24.12
901.0,5.0,16.62
1447.0,0.0,30.29
3592.0,5.0,15.39
742.0,5.0,24.1
2294.0,0.0,27.17
2453.0,20.0,19.96
2843.0,5.0,15.68
4097.0,10.0,20.31
1207.0,0.0,24.69
510.0,5.0,18.5
3290.0,5.0,15.79
2818.0,0.0,18.28
3367.0,5.0,16.8
1550.0,5.0,10.89
3283.0,0.0,18.03
2203.0,5.0,21.52
2567.0,5.0,18.19
2695.0,0.0,25.9
2045.0,10.0,14.39
768.0,0.0,23.55
4883.0,0.0,16.45
4154.0,0.0,19.57
422.0,15.0,15.83
124.0,0.0,23.64
4543.0,0.0,9.21
2644.0,0.0,13.81
820.0,0.0,21.93
1404.0,5.0,15.03
1383.0,0.0,13.72
2149.0,5.0,16.83
1576.0,0.0,21.08
1639.0,0.0,17.96
1796.0,0.0,25.49
4826.0,5.0,26.74
400.0,0.0,20.6
2311.0,0.0,16.7
883.0,0.0,18.65
4984.0,5.0,20.89
4161.0,0.0,20.03
1353.0,0.0,19.91
2758.0,0.0,19.19
4561.0,0.0,21.93
2131.0,0.0,22.65
983.0,0.0,19.04
457.0,0.0,13.51
3850.0,0.0,26.18
1080.0,0.0,16.25
1951.0,0.0,22.95
4325.0,0.0,22.99
690.0,0.0,19.49
2430.0,0.0,25.23
642.0,5.0,12.11
2393.0,0.0,18.99
1954.0,0.0,25.28
2764.0,0.0,21.57
4454.0,0.0,33.19
3451.0,5.0,15.08
3352.0,5.0,17.49
4777.0,5.0,18.43
3335.0,0.0,16.29
1885.0,0.0,11.01
390.0,15.0,12.88
2495.0,5.0,11.26
3133.0,5.0,13.84
2907.0,0.0,14.39
846.0,0.0,30.26
543.0,0.0,24.54
92.0,15.0,16.5
3908.0,0.0,10.29
1980.0,5.0,14.14
2828.0,0.0,25.99
4100.0,0.0,25.1
2918.0,0.0,21.69
2530.0,0.0,21.03
1677.0,5.0,19.79
1049.0,0.0,18.81
1961.0,0.0,14.87
2531.0,0.0,11.2
4502.0,0.0,17.49
238.0,0.0,24.97
4127.0,0.0,13.75
3505.0,0.0,21.77
1134.0,0.0,18.02
1806.0,5.0,16.92
4153.0,0.0,16.73
164.0,0.0,18.97
3509.0,5.0,16.9
4720.0,0.0,19.56
3865.0,0.0,23.23
3690.0,0.0,16.35
3215.0,5.0,11.38
3653.0,5.0,20.83
3958.0,5.0,29.03
1812.0,0.0,13.99
3986.0,5.0,25.69
3165.0,5.0,28.89
1429.0,10.0,22.55
3632.0,0.0,27.61
4386.0,5.0,12.36
3412.0,0.0,19.38
4471.0,5.0,18.66
4855.0,0.0,19.95
2836.0,30.0,12.64
1453.0,0.0,20.19
594.0,0.0,18.97
42.0,0.0,19.04
561.0,0.0,15.83
2952.0,0.0,29.77
3743.0,10.0,13.9
244.0,5.0,20.03
1340.0,0.0,17.62
4038.0,0.0,20.68
4809.0,0.0,16.36
3818.0,15.0,17.13
1443.0,5.0,23.31
262.0,0.0,16.29
3177.0,0.0,19.38
1690.0,0.0,26.38
1726.0,0.0,10.68
4560.0,0.0,13.79
835.0,10.0,12.88
1867.0,0.0,17.44
2497.0,0.0,18.36
2011.0,0.0,7.58
341.0,0.0,13.03
3322.0,0.0,21.23
1602.0,0.0,20.47
3019.0,5.0,25.65
4705.0,5.0,18.49
481.0,0.0,22.11
2930.0,5.0,20.21
3919.0,5.0,13.73
3410.0,0.0,21.67
4649.0,10.0,18.38
3506.0,0.0,23.91
4009.0,5.0,10.39
1767.0,0.0,16.56
4484.0,0.0,20.91
2454.0,0.0,13.47
2893.0,0.0,17.57
3834.0,0.0,17.22
4035.0,0.0,19.18
4688.0,0.0,23.83
3698.0,5.0,12.07
1272.0,0.0,22.1
4512.0,5.0,16.88
3110.0,0.0,7.65
4152.0,0.0,19.83
348.0,0.0,25.61
3900.0,0.0,20.4
4634.0,0.0,17.03
2563.0,0.0,14.92
4601.0,5.0,15.58
1424.0,5.0,27.41
657.0,10.0,14.64
2103.0,0.0,25.59
633.0,0.0,9.29
2908.0,0.0,12.24
2494.0,5.0,12.55
2666.0,0.0,21.44
3231.0,0.0,11.62
3980.0,0.0,17.44
3323.0,10.0,16.31
3514.0,5.0,10.35
3613.0,30.0,8.37
2501.0,0.0,25.67
1466.0,10.0,9.3
4704.0,0.0,20.5
116.0,0.0,18.76
1822.0,0.0,19.37
1495.0,15.0,12.7
2402.0,5.0,24.08
1233.0,0.0,20.14
2662.0,0.0,19.94
2888.0,0.0,9.27
4642.0,5.0,15.72
1154.0,0.0,16.62
3867.0,0.0,26.04
58.0,0.0,16.47
3411.0,0.0,15.11
4464.0,0.0,27.71
4956.0,0.0,29.25
1736.0,5.0,21.61
2197.0,0.0,17.42
3784.0,0.0,10.74
2476.0,0.0,25.06
2565.0,0.0,28.66
3174.0,5.0,19.86
4053.0,0.0,20.25
3674.0,0.0,14.08
708.0,0.0,22.33
4291.0,30.0,10.7
1094.0,0.0,13.21
3805.0,5.0,24.05
1377.0,10.0,14.41
4924.0,0.0,22.0
73.0,5.0,18.34
1923.0,0.0,24.87
3189.0,0.0,21.08
1765.0,0.0,21.42
744.0,0.0,15.22
2894.0,0.0,17.57
1006.0,20.0,18.64
2669.0,5.0,26.52
1191.0,5.0,24.3
4664.0,0.0,16.11
2602.0,0.0,12.03
1126.0,5.0,13.75
1242.0,0.0,21.49
3631.0,0.0,18.91
4140.0,5.0,17.38
4852.0,5.0,18.92
999.0,5.0,19.4
4793.0,0.0,13.45
2685.0,5.0,14.39
1578.0,0.0,20.6
4801.0,15.0,14.1
1827.0,10.0,14.1
3308.0,5.0,25.7
5000.0,5.0,14.79
3553.0,0.0,12.44
441.0,5.0,15.7
4962.0,5.0,17.65
1101.0,0.0,26.5
4029.0,0.0,20.29
4954.0,0.0,20.67
650.0,5.0,19.77
1547.0,0.0,20.69
3555.0,10.0,19.64
3577.0,0.0,13.76
3816.0,0.0,12.77
3760.0,5.0,15.11
631.0,5.0,14.48
673.0,5.0,18.78
1250.0,15.0,11.58
483.0,0.0,22.01
1585.0,0.0,17.34
3090.0,0.0,20.87
4638.0,15.0,12.21
3054.0,0.0,20.38
1463.0,5.0,14.67
3948.0,0.0,14.73
3640.0,0.0,20.51
2579.0,0.0,18.44
3820.0,5.0,12.19
50.0,0.0,27.14
4300.0,5.0,20.3
3072.0,0.0,21.93
859.0,0.0,12.3
1073.0,5.0,15.84
720.0,5.0,20.41
3173.0,0.0,25.11
2632.0,15.0,16.48
4884.0,10.0,13.26
1661.0,0.0,21.09
1657.0,0.0,18.61
2426.0,0.0,16.39
3541.0,0.0,23.39
4239.0,0.0,23.08
4985.0,5.0,17.64
4432.0,0.0,2.44
4487.0,0.0,24.24
3321.0,0.0,15.84
4762.0,0.0,12.12
4136.0,0.0,16.5
2607.0,0.0,22.0
1386.0,0.0,22.07
3854.0,5.0,16.3
1400.0,0.0,19.12
1196.0,0.0,18.44
1409.0,30.0,10.05
3843.0,5.0,19.01
1799.0,0.0,17.96
1476.0,5.0,14.75
3232.0,0.0,20.99
36.0,0.0,19.09
3558.0,0.0,26.69
2346.0,0.0,5.63
3193.0,0.0,25.08
2360.0,0.0,19.88
2207.0,0.0,17.97
3786.0,0.0,16.67
1287.0,0.0,23.55
350.0,0.0,18.82
2138.0,5.0,19.26
2692.0,5.0,15.54
3394.0,0.0,10.45
4535.0,5.0,18.34
1682.0,10.0,16.97
4040.0,0.0,18.56
1444.0,5.0,19.39
3259.0,5.0,15.92
1672.0,0.0,17.26
2969.0,0.0,17.41
1180.0,5.0,11.79
2799.0,0.0,21.27
1693.0,0.0,22.32
3893.0,0.0,12.58
373.0,0.0,17.93
3629.0,5.0,18.69
1917.0,0.0,18.95
1358.0,10.0,14.78
1826.0,0.0,25.56
787.0,10.0,19.69
470.0,5.0,19.17
141.0,0.0,21.59
789.0,5.0,8.74
324.0,15.0,15.03
51.0,0.0,25.34
715.0,5.0,8.3
4499.0,0.0,28.86
2841.0,0.0,14.31
2447.0,0.0,13.91
4824.0,0.0,18.6
4430.0,10.0,12.29
4607.0,0.0,16.98
3699.0,5.0,13.25
2667.0,20.0,15.01
407.0,20.0,6.03
4385.0,0.0,23.3
1005.0,0.0,10.95
3528.0,0.0,26.52
891.0,0.0,20.8
2412.0,0.0,15.17
2546.0,5.0,25.02
3622.0,0.0,25.06
2391.0,0.0,16.47
3959.0,0.0,23.69
43.0,5.0,21.55
2831.0,0.0,24.86
4146.0,0.0,18.86
304.0,0.0,19.8
4524.0,0.0,24.13
3766.0,0.0,21.5
665.0,0.0,22.76
1178.0,5.0,11.28
2677.0,0.0,17.15
1948.0,0.0,19.57
2502.0,5.0,18.27
1474.0,0.0,15.41
3500.0,0.0,23.56
3537.0,5.0,16.35
2133.0,5.0,16.44
1027.0,0.0,13.13
962.0,0.0,21.18
2890.0,0.0,16.5
3972.0,15.0,10.14
2010.0,0.0,18.04
2150.0,5.0,13.15
3339.0,5.0,13.08
2339.0,0.0,21.94
3907.0,5.0,9.82
305.0,0.0,24.31
1441.0,0.0,26.21
1497.0,0.0,22.17
2653.0,5.0,21.02
2876.0,0.0,20.27
917.0,0.0,24.81
4894.0,0.0,19.98
3740.0,5.0,20.81
2773.0,15.0,14.65
1625.0,5.0,19.77
3856.0,0.0,8.83
822.0,5.0,20.69
3808.0,0.0,16.66
1355.0,0.0,24.37
4508.0,0.0,14.74
851.0,5.0,19.41
1001.0,5.0,18.0
3393.0,5.0,15.48
19.0,0.0,12.34
1638.0,0.0,21.62
1668.0,5.0,19.38
494.0,5.0,19.47
1348.0,0.0,10.48
3746.0,5.0,15.18
3271.0,0.0,18.92
3633.0,5.0,16.5
3498.0,0.0,23.97
688.0,0.0,25.86
3750.0,0.0,15.43
1609.0,0.0,25.58
4101.0,0.0,20.5
4114.0,0.0,20.89
1010.0,0.0,22.44
2409.0,5.0,8.7
1093.0,0.0,26.92
1328.0,10.0,11.24
1678.0,5.0,14.33
2000.0,0.0,26.2
1311.0,0.0,16.59
3274.0,0.0,19.62
1988.0,0.0,24.19
3667.0,0.0,14.41
345.0,5.0,13.92
4196.0,0.0,14.75
987.0,5.0,12.6
3870.0,0.0,22.63
3826.0,5.0,18.31
4323.0,10.0,14.27
4021.0,5.0,12.51
3107.0,5.0,18.28
3872.0,0.0,29.83
1143.0,0.0,22.65
2359.0,0.0,26.35
1199.0,0.0,16.04
86.0,0.0,26.08
1519.0,0.0,21.83
517.0,10.0,15.15
1382.0,0.0,17.4
2717.0,0.0,18.09
4917.0,15.0,11.45
1015.0,25.0,12.19
129.0,5.0,16.74
1365.0,5.0,18.16
3642.0,0.0,31.04
3140.0,0.0,18.64
892.0,0.0,26.45
2794.0,5.0,13.61
4218.0,0.0,28.06
1360.0,5.0,16.8
308.0,5.0,22.86
1662.0,5.0,27.96
2432.0,0.0,25.46
4550.0,0.0,7.06
1318.0,5.0,13.89
4314.0,15.0,13.6
2475.0,0.0,21.94
2543.0,0.0,19.0
1247.0,15.0,17.6
1209.0,0.0,20.8
217.0,5.0,19.8
4303.0,0.0,16.59
3078.0,0.0,21.37
1240.0,5.0,19.79
2290.0,5.0,15.79
2741.0,0.0,15.49
276.0,0.0,17.27
490.0,0.0,22.15
1036.0,0.0,15.23
1230.0,5.0,20.44
4596.0,5.0,16.38
1009.0,5.0,19.46
4076.0,20.0,12.09
3138.0,5.0,23.23
3198.0,25.0,2.53
2533.0,0.0,11.46
4406.0,0.0,14.92
1059.0,0.0,23.81
2167.0,0.0,16.71
3389.0,0.0,16.51
282.0,5.0,10.86
4827.0,0.0,18.76
1317.0,0.0,17.66
4989.0,5.0,19.55
969.0,0.0,24.23
4498.0,0.0,12.07
3939.0,5.0,23.47
3182.0,20.0,12.03
3536.0,5.0,19.27
620.0,0.0,28.74
3250.0,15.0,14.6
1743.0,5.0,19.46
1391.0,0.0,18.44
4069.0,0.0,18.44
1848.0,5.0,11.83
1580.0,5.0,19.68
1656.0,0.0,21.68
2353.0,5.0,12.3
2213.0,0.0,21.28
2021.0,5.0,12.81
4983.0,15.0,11.82
1957.0,0.0,20.03
1308.0,5.0,18.66
2004.0,0.0,14.65
4662.0,5.0,19.59
576.0,0.0,7.41
2361.0,0.0,22.77
4212.0,0.0,22.19
4447.0,0.0,21.45
1707.0,5.0,14.18
3761.0,0.0,17.75
4458.0,0.0,17.17
1281.0,0.0,24.56
862.0,0.0,13.8
4155.0,5.0,21.14
1802.0,0.0,28.55
1629.0,15.0,14.43
1994.0,5.0,17.65
2640.0,5.0,19.28
270.0,0.0,18.66
630.0,5.0,19.26
3082.0,0.0,16.91
2335.0,10.0,12.28
2967.0,5.0,20.09
301.0,5.0,20.07
460.0,15.0,17.63
1448.0,0.0,18.06
1473.0,0.0,17.63
2047.0,10.0,20.18
4238.0,10.0,19.84
3783.0,5.0,17.12
2114.0,5.0,13.5
28.0,0.0,25.54
3858.0,5.0,27.12
4533.0,0.0,15.48
838.0,15.0,16.17
3845.0,0.0,29.9
2009.0,5.0,16.96
4918.0,5.0,18.27
504.0,5.0,13.88
3222.0,0.0,21.46
4315.0,0.0,22.76
381.0,0.0,17.71
1852.0,5.0,23.98
1526.0,5.0,22.96
2366.0,0.0,20.21
3244.0,0.0,30.27
3053.0,0.0,17.38
2885.0,0.0,20.93
2341.0,0.0,20.42
375.0,5.0,18.39
3276.0,0.0,17.65
2382.0,0.0,10.8
4320.0,0.0,13.7
940.0,0.0,22.05
3869.0,0.0,19.3
4175.0,0.0,23.4
2800.0,30.0,4.77
2148.0,0.0,23.32
3836.0,5.0,16.13
4551.0,0.0,20.62
4226.0,10.0,16.74
2069.0,0.0,23.85
530.0,5.0,21.59
4865.0,0.0,17.81
637.0,0.0,22.89
1270.0,15.0,17.91
186.0,0.0,20.95
3837.0,0.0,21.26
3195.0,5.0,19.97
3470.0,0.0,20.54
1798.0,0.0,16.16
2980.0,0.0,27.27
1442.0,0.0,18.71
3443.0,10.0,20.38
4885.0,0.0,25.37
1536.0,5.0,18.01
3459.0,10.0,13.51
1274.0,0.0,17.33
2468.0,0.0,16.39
608.0,0.0,22.07
3403.0,0.0,19.08
1713.0,0.0,18.2
2200.0,0.0,14.85
956.0,5.0,24.37
2580.0,0.0,29.46
3916.0,5.0,20.29
4436.0,5.0,13.93
4803.0,0.0,21.3
3704.0,0.0,20.6
404.0,10.0,9.66
2072.0,0.0,24.18
4766.0,10.0,15.35
1978.0,0.0,21.95
159.0,0.0,13.63
1749.0,0.0,21.38
2910.0,5.0,14.63
3551.0,0.0,17.16
903.0,0.0,22.55
353.0,0.0,19.48
1231.0,0.0,21.12
4681.0,0.0,22.25
2141.0,0.0,22.98
445.0,0.0,29.91
4959.0,0.0,19.51
755.0,0.0,23.51
1738.0,10.0,20.49
2972.0,0.0,11.42
4990.0,5.0,17.14
2921.0,0.0,20.24
312.0,0.0,18.96
549.0,15.0,16.68
4640.0,0.0,21.0
4772.0,0.0,12.61
1990.0,20.0,14.73
307.0,0.0,18.94
2336.0,0.0,21.52
695.0,10.0,11.48
2357.0,0.0,19.13
1928.0,0.0,20.14
685.0,10.0,16.26
750.0,5.0,16.25
4675.0,0.0,17.75
1267.0,10.0,19.7
3983.0,5.0,10.07
3546.0,5.0,16.05
4771.0,0.0,23.27
4003.0,0.0,21.74
3084.0,0.0,11.01
3062.0,0.0,20.6
3026.0,5.0,19.06
971.0,0.0,24.44
14.0,0.0,29.82
874.0,0.0,22.73
809.0,0.0,14.93
3199.0,0.0,22.82
515.0,5.0,20.28
4483.0,5.0,16.05
410.0,0.0,22.63
3424.0,0.0,20.43
4353.0,15.0,14.35
208.0,0.0,8.04
3239.0,0.0,23.18
459.0,10.0,13.4
3671.0,0.0,22.11
2431.0,0.0,10.42
3979.0,0.0,11.71
111.0,5.0,10.18
3765.0,0.0,23.12
4063.0,0.0,14.14
1884.0,5.0,11.73
1714.0,5.0,17.31
3977.0,0.0,24.9
3415.0,10.0,20.0
553.0,10.0,14.05
1440.0,0.0,23.58
2271.0,0.0,26.23
3145.0,0.0,17.97
2822.0,5.0,25.48
4792.0,0.0,20.0
1926.0,0.0,9.95
635.0,0.0,16.96
4816.0,0.0,18.87
317.0,5.0,17.07
4227.0,0.0,14.08
4710.0,5.0,12.94
1329.0,5.0,21.02
428.0,0.0,21.8
4042.0,5.0,16.73
106.0,5.0,17.76
3042.0,0.0,22.73
143.0,0.0,13.17
2170.0,5.0,14.23
3345.0,0.0,9.25
90.0,5.0,25.74
2919.0,0.0,16.52
3238.0,0.0,21.47
2242.0,0.0,19.1
3175.0,0.0,20.81
3428.0,0.0,24.68
2164.0,0.0,19.88
2637.0,5.0,22.61
1950.0,5.0,27.67
1769.0,0.0,25.1
3299.0,0.0,10.11
2273.0,0.0,10.91
2.0,0.0,14.16
3542.0,5.0,14.58
4968.0,0.0,12.05
1952.0,0.0,27.53
936.0,0.0,15.76
4307.0,0.0,11.63
2721.0,0.0,21.19
4105.0,0.0,14.69
1110.0,0.0,20.15
3606.0,0.0,15.77
592.0,0.0,15.9
1696.0,0.0,13.79
3480.0,0.0,17.6
2937.0,0.0,7.63
4214.0,0.0,25.29
3427.0,0.0,17.89
1577.0,10.0,13.76
3973.0,10.0,17.36
214.0,5.0,15.03
779.0,0.0,29.73
1416.0,30.0,14.65
4770.0,0.0,16.55
2044.0,0.0,24.98
2849.0,5.0,13.96
4548.0,0.0,19.76
3682.0,0.0,17.01
3832.0,0.0,23.64
1568.0,0.0,16.76
166.0,0.0,20.21
4725.0,0.0,24.09
3602.0,0.0,34.87
4937.0,0.0,16.73
1344.0,5.0,18.01
2014.0,5.0,14.91
274.0,0.0,23.13
72.0,0.0,17.21
3906.0,0.0,19.34
1088.0,0.0,18.87
395.0,0.0,23.23
584.0,0.0,19.85
1368.0,10.0,16.13
4998.0,0.0,21.05
4653.0,0.0,22.92
2549.0,0.0,22.61
1014.0,0.0,22.74
4908.0,0.0,19.11
3004.0,5.0,11.81
4948.0,0.0,22.0
4182.0,5.0,15.61
3549.0,5.0,17.6
1764.0,0.0,24.25
1876.0,0.0,17.99
1260.0,10.0,14.74
4541.0,0.0,22.96
2254.0,0.0,6.88
2782.0,0.0,25.07
3611.0,0.0,27.96
527.0,0.0,19.39
4748.0,0.0,17.01
2947.0,0.0,24.28
378.0,0.0,16.17
1560.0,15.0,14.92
3839.0,10.0,10.37
1964.0,0.0,17.73
4743.0,0.0,9.97
349.0,0.0,17.5
2435.0,30.0,3.18
2247.0,0.0,10.47
4467.0,5.0,20.49
1710.0,0.0,23.1
1051.0,5.0,11.86
591.0,0.0,19.28
520.0,0.0,21.05
4504.0,5.0,20.16
4754.0,5.0,19.42
2478.0,0.0,21.78
1084.0,30.0,5.75
3607.0,0.0,13.58
4789.0,5.0,25.26
4520.0,5.0,15.25
1295.0,0.0,23.46
1810.0,10.0,14.28
792.0,0.0,19.16
793.0,5.0,16.96
4319.0,0.0,13.08
1856.0,0.0,11.92
4768.0,0.0,11.57
1981.0,0.0,23.41
3234.0,5.0,26.26
3927.0,5.0,14.76
3401.0,5.0,17.35
3329.0,0.0,22.07
1531.0,5.0,18.62
1411.0,0.0,18.64
4305.0,0.0,13.25
4981.0,0.0,14.76
84.0,5.0,14.23
869.0,0.0,18.79
2351.0,0.0,25.84
21.0,0.0,11.44
3440.0,0.0,22.14
2796.0,5.0,12.65
4583.0,0.0,24.0
1563.0,0.0,17.21
3094.0,0.0,23.79
3156.0,30.0,9.21
974.0,0.0,20.03
1711.0,0.0,26.36
3202.0,5.0,15.62
4000.0,15.0,9.95
4830.0,0.0,15.93
1099.0,5.0,12.95
4261.0,0.0,24.14
2845.0,0.0,18.27
887.0,10.0,21.52
4942.0,0.0,17.2
4850.0,0.0,20.29
4591.0,10.0,20.11
3831.0,0.0,9.18
4412.0,0.0,22.41
516.0,0.0,14.07
4631.0,0.0,16.49
738.0,0.0,22.21
1454.0,0.0,21.45
3990.0,0.0,18.76
4711.0,0.0,8.58
2507.0,0.0,13.72
2995.0,5.0,11.08
2127.0,5.0,19.43
2927.0,0.0,20.17
4756.0,5.0,31.45
907.0,10.0,18.93
3666.0,0.0,12.16
1031.0,0.0,21.35
2508.0,5.0,19.03
2429.0,5.0,22.4
948.0,30.0,9.72
3825.0,5.0,16.09
4086.0,10.0,19.58
716.0,0.0,17.46
4074.0,5.0,24.85
687.0,0.0,24.61
704.0,0.0,16.6
3342.0,5.0,20.93
2354.0,5.0,17.94
2258.0,25.0,11.44
3568.0,0.0,5.39
474.0,0.0,24.54
22.0,0.0,24.65
2753.0,5.0,13.2
886.0,5.0,27.43
2449.0,5.0,21.66
918.0,5.0,15.99
4438.0,0.0,21.01
4677.0,0.0,19.19
2240.0,0.0,22.34
3863.0,5.0,16.39
3396.0,10.0,13.06
1266.0,10.0,15.76
484.0,5.0,19.47
4348.0,0.0,12.73
2964.0,0.0,10.36
1220.0,0.0,15.19
278.0,0.0,18.22
989.0,5.0,18.17
2085.0,0.0,21.01
1246.0,0.0,22.71
2383.0,0.0,20.94
572.0,0.0,22.02
1436.0,0.0,22.66
994.0,0.0,26.38
3468.0,0.0,11.97
3998.0,5.0,13.73
586.0,0.0,22.72
3677.0,5.0,13.21
2515.0,0.0,25.23
1350.0,0.0,16.82
1008.0,0.0,13.07
675.0,5.0,15.55
2413.0,25.0,14.01
2904.0,5.0,19.18
448.0,0.0,15.95
3489.0,10.0,13.52
4905.0,0.0,20.88
3722.0,10.0,16.78
360.0,0.0,16.84
2065.0,0.0,27.34
4460.0,0.0,28.27
3829.0,5.0,8.79
1691.0,0.0,16.78
4337.0,0.0,16.45
1549.0,5.0,14.4
1248.0,15.0,14.47
1986.0,0.0,20.8
295.0,5.0,7.61
1548.0,0.0,21.87
2013.0,0.0,22.96
589.0,0.0,22.55
3330.0,0.0,24.26
2404.0,0.0,17.05
2130.0,15.0,16.59
4399.0,10.0,16.33
2411.0,0.0,19.06
2720.0,0.0,9.88
4565.0,10.0,17.44
426.0,0.0,13.76
2583.0,5.0,18.38
1055.0,0.0,16.01
3985.0,15.0,13.07
4573.0,0.0,24.45
557.0,0.0,17.22
4369.0,0.0,12.31
3957.0,30.0,14.58
4723.0,5.0,17.6
2470.0,10.0,19.92
4721.0,0.0,22.43
356.0,0.0,24.05
1194.0,5.0,22.13
1717.0,0.0,24.34
3417.0,0.0,16.85
2605.0,0.0,21.54
4359.0,5.0,19.77
2829.0,0.0,23.72
1705.0,0.0,17.33
2864.0,0.0,17.25
2619.0,0.0,13.78
2401.0,5.0,19.43
2140.0,0.0,24.75
3240.0,0.0,17.54
2384.0,0.0,18.44
3219.0,0.0,26.52
4193.0,5.0,14.98
1286.0,5.0,17.02
3815.0,0.0,27.05
3859.0,5.0,19.56
4479.0,0.0,25.44
2088.0,0.0,10.75
1890.0,0.0,18.15
4900.0,0.0,13.89
1592.0,0.0,18.12
1347.0,0.0,17.24
4442.0,0.0,19.8
2163.0,0.0,18.73
2397.0,0.0,21.62
3662.0,0.0,23.89
2272.0,0.0,20.82
4501.0,0.0,17.13
3112.0,0.0,18.86
1138.0,20.0,13.04
4594.0,0.0,22.28
973.0,0.0,11.99
796.0,5.0,14.01
3021.0,0.0,23.59
1712.0,0.0,10.99
3388.0,0.0,16.81
37.0,0.0,26.19
454.0,0.0,15.44
914.0,0.0,14.95
4099.0,0.0,16.24
1200.0,0.0,19.41
1275.0,5.0,14.35
2376.0,0.0,19.99
38.0,0.0,17.71
975.0,0.0,20.9
3196.0,5.0,22.44
984.0,0.0,27.65
3923.0,0.0,19.14
4088.0,5.0,8.98
1419.0,0.0,27.96
3333.0,0.0,27.41
1561.0,5.0,14.25
40.0,0.0,18.63
1487.0,20.0,15.0
3902.0,10.0,11.93
170.0,0.0,21.94
1356.0,15.0,18.87
2786.0,0.0,31.47
3651.0,5.0,18.48
4759.0,0.0,17.62
4023.0,5.0,16.71
2683.0,0.0,21.61
4715.0,5.0,16.86
4044.0,0.0,23.07
1641.0,0.0,21.21
1291.0,5.0,20.64
1381.0,0.0,17.33
1934.0,5.0,21.15
580.0,5.0,19.78
4230.0,0.0,15.77
3161.0,0.0,23.74
2031.0,5.0,20.14
893.0,5.0,27.25
4588.0,0.0,18.32
781.0,5.0,19.21
160.0,20.0,14.38
3.0,0.0,21.61
2264.0,0.0,16.13
3217.0,0.0,16.99
2110.0,0.0,15.63
850.0,0.0,17.72
2738.0,5.0,20.28
2467.0,5.0,16.44
4010.0,0.0,12.99
3669.0,10.0,10.88
1597.0,0.0,15.85
1777.0,0.0,11.88
1914.0,0.0,23.58
1044.0,10.0,13.99
4783.0,0.0,18.07
1545.0,5.0,27.34
2737.0,0.0,18.28
3725.0,5.0,26.54
4628.0,0.0,25.29
54.0,5.0,17.29
1797.0,10.0,19.57
3589.0,0.0,12.23
1912.0,5.0,17.99
2307.0,0.0,24.51
2554.0,5.0,13.98
2801.0,0.0,19.67
937.0,20.0,16.22
4439.0,0.0,21.36
825.0,30.0,14.48
4744.0,0.0,21.4
3179.0,20.0,16.28
3402.0,5.0,25.83
1390.0,0.0,20.12
3565.0,0.0,16.98
4887.0,0.0,16.65
885.0,5.0,18.79
4358.0,5.0,15.02
1608.0,10.0,18.0
1595.0,10.0,10.52
772.0,0.0,23.24
2612.0,0.0,21.88
3873.0,5.0,11.98
2274.0,5.0,18.73
1869.0,5.0,16.4
1086.0,0.0,19.63
11.0,0.0,22.27
3847.0,0.0,18.14
1326.0,0.0,29.81
3391.0,5.0,15.75
1464.0,0.0,18.75
807.0,0.0,15.08
3754.0,5.0,16.48
4004.0,20.0,14.09
3790.0,0.0,21.99
2109.0,5.0,19.28
4246.0,5.0,19.25
4967.0,0.0,16.13
2235.0,0.0,9.66
3212.0,0.0,14.9
964.0,5.0,19.97
3416.0,0.0,18.88
3772.0,5.0,17.27
399.0,5.0,12.8
2633.0,0.0,17.12
4862.0,30.0,9.48
2997.0,5.0,26.38
705.0,0.0,15.37
432.0,0.0,16.85
293.0,0.0,24.02
4878.0,0.0,19.21
146.0,0.0,17.31
4156.0,0.0,18.44
2034.0,5.0,15.14
4216.0,5.0,33.36
1166.0,5.0,20.52
3501.0,0.0,20.83
2051.0,10.0,21.1
2625.0,5.0,15.28
4389.0,0.0,20.13
340.0,0.0,25.27
3898.0,0.0,25.79
3691.0,10.0,10.95
2974.0,0.0,27.95
266.0,0.0,24.92
2425.0,0.0,12.54
1263.0,0.0,20.94
1772.0,0.0,22.21
3512.0,0.0,19.21
272.0,5.0,15.88
697.0,0.0,21.26
748.0,5.0,16.45
245.0,5.0,30.22
318.0,0.0,19.72
477.0,0.0,25.02
2033.0,0.0,17.89
958.0,5.0,18.32
3835.0,5.0,20.36
814.0,0.0,16.51
4181.0,0.0,14.31
1915.0,0.0,14.83
4613.0,0.0,22.13
3488.0,0.0,15.83
1298.0,0.0,24.41
4049.0,0.0,18.91
1805.0,0.0,23.19
759.0,10.0,18.1
251.0,15.0,11.6
2462.0,0.0,16.27
546.0,0.0,20.05
3242.0,5.0,9.39
739.0,5.0,12.36
311.0,0.0,16.49
3886.0,0.0,16.08
2942.0,0.0,13.99
1132.0,0.0,17.75
1450.0,0.0,24.62
4930.0,0.0,18.66
16.0,0.0,25.47
3233.0,20.0,7.61
2770.0,0.0,20.86
3469.0,0.0,21.19
921.0,0.0,11.76
3030.0,10.0,19.73
1373.0,0.0,16.27
3588.0,0.0,18.9
2545.0,0.0,20.1
3599.0,0.0,13.88
39.0,20.0,11.78
364.0,15.0,9.41
4111.0,5.0,17.2
183.0,5.0,17.89
3034.0,0.0,20.88
2984.0,0.0,18.61
1195.0,0.0,26.29
2853.0,5.0,24.39
3785.0,0.0,15.26
1122.0,5.0,27.85
2236.0,5.0,21.58
2668.0,0.0,18.77
3718.0,5.0,25.47
3224.0,5.0,25.23
1183.0,30.0,4.99
4194.0,0.0,21.08
4304.0,0.0,19.71
615.0,0.0,19.19
4919.0,0.0,17.86
1467.0,0.0,20.19
402.0,0.0,17.86
3043.0,0.0,17.3
935.0,25.0,14.62
2420.0,0.0,10.83
4048.0,0.0,23.82
4525.0,10.0,14.78
2642.0,5.0,10.49
4036.0,5.0,19.36
727.0,0.0,7.74
827.0,0.0,24.89
1522.0,0.0,26.89
4755.0,0.0,17.39
2931.0,5.0,14.83
137.0,0.0,18.06
3591.0,0.0,12.83
629.0,0.0,23.07
335.0,0.0,26.9
391.0,0.0,18.5
4398.0,0.0,24.19
4886.0,10.0,15.41
4208.0,0.0,20.66
1818.0,0.0,20.69
401.0,0.0,18.72
711.0,5.0,20.81
1040.0,0.0,17.02
4292.0,20.0,12.95
3360.0,15.0,17.76
47.0,0.0,23.18
1562.0,0.0,17.23
4810.0,0.0,20.09
3643.0,0.0,23.46
3727.0,5.0,28.62
4854.0,5.0,15.89
1113.0,0.0,20.81
2514.0,0.0,22.25
3609.0,10.0,19.62
1224.0,5.0,20.1
4079.0,5.0,13.52
3024.0,15.0,18.46
2422.0,0.0,25.9
1509.0,0.0,21.78
1751.0,5.0,16.81
4848.0,0.0,25.74
4106.0,5.0,20.69
1800.0,0.0,22.98
339.0,0.0,16.03
216.0,0.0,20.53
3664.0,5.0,19.92
1342.0,5.0,20.13
12.0,0.0,16.14
1521.0,5.0,21.26
3641.0,10.0,12.71
3956.0,5.0,15.05
3794.0,0.0,14.93
3005.0,0.0,15.33
2865.0,5.0,16.69
3116.0,0.0,17.75
4851.0,10.0,9.67
2323.0,5.0,28.68
2572.0,5.0,20.94
2914.0,10.0,6.89
102.0,0.0,29.72
3550.0,5.0,26.68
1459.0,0.0,17.0
172.0,0.0,21.89
108.0,0.0,22.54
4206.0,0.0,19.36
3570.0,15.0,18.49
4306.0,5.0,21.53
4082.0,0.0,23.3
3880.0,5.0,17.98
4690.0,5.0,15.3
4089.0,25.0,10.87
61.0,5.0,15.4
1241.0,0.0,23.08
4648.0,0.0,27.05
1041.0,5.0,15.72
4197.0,0.0,13.94
2761.0,0.0,13.14
2121.0,0.0,21.93
1525.0,5.0,14.86
3522.0,10.0,12.8
154.0,0.0,24.46
2249.0,0.0,19.51
482.0,0.0,18.83
4243.0,0.0,11.67
4316.0,0.0,17.83
3579.0,0.0,31.35
4490.0,0.0,12.6
3563.0,15.0,14.63
3316.0,15.0,14.39
1763.0,0.0,18.47
3539.0,5.0,21.87
4814.0,0.0,15.67
751.0,0.0,20.83
3620.0,0.0,16.56
1786.0,10.0,14.63
4281.0,0.0,18.76
3384.0,10.0,14.94
4148.0,0.0,14.71
406.0,5.0,25.27
758.0,0.0,18.62
2712.0,0.0,18.92
2671.0,10.0,17.94
4002.0,0.0,17.16
98.0,0.0,29.57
1334.0,0.0,22.52
4462.0,0.0,17.92
2792.0,10.0,13.5
2855.0,0.0,11.99
187.0,0.0,23.32
4404.0,0.0,27.03
2724.0,5.0,16.05
3584.0,0.0,11.64
2059.0,5.0,26.63
1320.0,0.0,20.39
149.0,5.0,21.35
29.0,0.0,25.79
4150.0,0.0,16.71
4220.0,5.0,20.5
3364.0,0.0,19.64
693.0,0.0,18.79
2867.0,5.0,19.9
3777.0,0.0,20.05
1387.0,0.0,23.77
1846.0,0.0,17.05
4741.0,5.0,27.59
130.0,0.0,20.71
1600.0,0.0,17.39
3630.0,0.0,20.71
4514.0,0.0,17.63
702.0,0.0,17.97
4418.0,0.0,20.22
3029.0,0.0,17.93
2970.0,5.0,25.8
4367.0,0.0,24.16
1709.0,0.0,22.46
2954.0,0.0,19.41
455.0,5.0,18.51
2869.0,0.0,20.2
2041.0,15.0,17.3
1773.0,0.0,21.11
2316.0,5.0,14.43
610.0,0.0,22.16
168.0,0.0,16.25
731.0,5.0,18.1
4259.0,0.0,17.03
3359.0,0.0,23.47
2075.0,5.0,18.01
4700.0,0.0,29.14
3701.0,10.0,12.04
1623.0,0.0,21.9
588.0,0.0,22.28
1402.0,0.0,21.47
3046.0,5.0,20.06
3225.0,0.0,27.69
1701.0,0.0,16.52
3089.0,5.0,16.07
4401.0,0.0,15.88
2982.0,0.0,22.27
41.0,5.0,13.34
1380.0,0.0,22.97
2090.0,0.0,20.89
2176.0,0.0,29.07
3218.0,0.0,10.52
2886.0,5.0,12.06
75.0,0.0,21.32
3928.0,15.0,12.12
3909.0,5.0,17.08
2658.0,0.0,13.6
3181.0,0.0,11.87
2077.0,5.0,18.09
442.0,20.0,19.04
4070.0,5.0,15.15
2052.0,0.0,25.23
2542.0,0.0,16.41
3307.0,10.0,13.63
1302.0,0.0,12.62
1782.0,0.0,20.91
4825.0,10.0,16.28
3431.0,0.0,19.57
1305.0,0.0,29.88
237.0,0.0,12.82
2600.0,0.0,24.4
521.0,0.0,21.87
2574.0,0.0,26.21
3281.0,0.0,18.87
3187.0,0.0,18.71
2769.0,0.0,20.82
736.0,5.0,12.47
4714.0,0.0,21.75
4940.0,0.0,17.54
2107.0,0.0,22.81
2680.0,0.0,19.49
3230.0,0.0,17.28
2762.0,0.0,19.59
593.0,0.0,24.02
1304.0,5.0,16.14
1388.0,5.0,8.87
4706.0,0.0,24.29
4537.0,0.0,18.47
3966.0,0.0,15.2
1891.0,0.0,10.18
2988.0,0.0,16.14
4935.0,0.0,18.98
3298.0,5.0,17.64
905.0,0.0,17.41
4620.0,20.0,13.45
1280.0,5.0,14.03
934.0,0.0,18.42
4910.0,5.0,16.2
2309.0,0.0,17.09
1556.0,5.0,19.4
4544.0,30.0,12.27
3191.0,0.0,15.28
4452.0,0.0,23.06
707.0,0.0,20.98
4701.0,0.0,18.6
3071.0,5.0,16.13
746.0,0.0,25.26
3595.0,0.0,24.04
1940.0,5.0,14.73
4411.0,0.0,17.12
2863.0,5.0,11.4
4707.0,5.0,11.41
514.0,10.0,12.33
82.0,0.0,18.67
4987.0,0.0,22.36
1309.0,0.0,18.77
4559.0,10.0,20.11
915.0,5.0,20.15
3453.0,0.0,9.0
3696.0,0.0,24.19
4815.0,0.0,21.37
3157.0,0.0,19.13
2199.0,10.0,19.28
4242.0,0.0,18.53
775.0,0.0,27.78
330.0,0.0,18.59
2055.0,0.0,21.16
2002.0,30.0,10.04
944.0,0.0,6.7
823.0,0.0,21.66
4538.0,10.0,20.58
910.0,0.0,17.48
2517.0,5.0,26.28
182.0,0.0,20.67
165.0,5.0,13.69
1524.0,0.0,20.68
452.0,5.0,11.6
2539.0,0.0,21.35
4689.0,10.0,13.61
4786.0,0.0,19.89
1312.0,5.0,25.5
3150.0,5.0,21.17
1112.0,0.0,21.39
4558.0,0.0,15.01
3875.0,0.0,12.89
3490.0,0.0,20.66
1288.0,5.0,16.35
4546.0,10.0,18.69
4656.0,5.0,11.2
3681.0,5.0,15.88
4341.0,0.0,15.92
4178.0,5.0,11.29
3301.0,0.0,19.6
3311.0,0.0,18.98
4567.0,0.0,12.46
3126.0,10.0,13.08
328.0,5.0,21.08
1791.0,0.0,8.92
2491.0,25.0,14.35
2007.0,25.0,9.85
2008.0,0.0,18.61
1859.0,0.0,32.82
4696.0,0.0,24.87
313.0,0.0,25.74
833.0,0.0,12.1
3080.0,0.0,23.16
4728.0,15.0,15.93
3463.0,15.0,11.14
1202.0,20.0,15.54
4402.0,5.0,20.02
3548.0,0.0,27.81
4012.0,0.0,14.66
2135.0,0.0,9.49
3452.0,0.0,23.3
2210.0,5.0,19.2
1902.0,0.0,29.89
1482.0,5.0,15.44
778.0,5.0,19.03
800.0,10.0,17.5
3715.0,5.0,17.84
3943.0,0.0,24.08
55.0,5.0,14.78
2973.0,10.0,15.68
3336.0,0.0,15.57
1921.0,0.0,23.3
3716.0,5.0,31.8
4657.0,0.0,19.87
947.0,0.0,21.97
1702.0,0.0,19.36
3294.0,5.0,19.95
2162.0,0.0,11.1
1137.0,5.0,14.55
988.0,5.0,14.17
2550.0,5.0,15.87
194.0,0.0,25.55
3058.0,5.0,29.34
3247.0,15.0,14.12
1395.0,0.0,25.45
2638.0,0.0,20.02
769.0,0.0,14.18
4713.0,0.0,21.34
3091.0,5.0,21.9
3496.0,5.0,13.64
3216.0,0.0,15.61
286.0,0.0,17.05
4949.0,5.0,28.55
429.0,0.0,22.08
4459.0,0.0,19.96
2333.0,0.0,21.67
2718.0,0.0,20.94
2080.0,30.0,7.49
3390.0,0.0,20.79
723.0,0.0,15.87
952.0,0.0,22.6
4394.0,0.0,16.63
4377.0,15.0,11.9
2263.0,0.0,19.76
990.0,0.0,19.47
3213.0,0.0,18.99
1760.0,0.0,21.34
4117.0,0.0,17.74
327.0,0.0,21.77
2609.0,5.0,26.14
1384.0,5.0,11.88
1725.0,5.0,25.67
1087.0,5.0,16.44
2524.0,5.0,13.99
342.0,0.0,26.66
3702.0,0.0,14.0
148.0,0.0,13.07
689.0,0.0,18.37
3433.0,25.0,14.53
1108.0,0.0,21.63
849.0,0.0,26.38
967.0,5.0,15.05
4993.0,10.0,14.91
1493.0,15.0,8.57
3954.0,0.0,22.81
2204.0,5.0,20.03
2714.0,0.0,25.24
662.0,5.0,24.8
1003.0,0.0,17.66
63.0,0.0,24.58
285.0,0.0,17.28
2225.0,0.0,11.69
4717.0,5.0,16.1
1880.0,0.0,10.48
3573.0,10.0,14.08
4868.0,0.0,18.44
1204.0,5.0,17.42
1991.0,15.0,18.72
25.0,5.0,17.1
4863.0,0.0,20.31
4112.0,5.0,20.11
4177.0,0.0,22.76
763.0,0.0,23.21
876.0,0.0,17.66
4753.0,10.0,18.48
939.0,5.0,17.98
2688.0,0.0,16.39
3601.0,5.0,18.99
2395.0,0.0,8.21
4578.0,10.0,19.5
4991.0,5.0,15.7
4134.0,0.0,21.85
4575.0,5.0,22.06
386.0,5.0,22.8
4592.0,5.0,18.1
4580.0,0.0,21.62
537.0,25.0,13.19
4676.0,10.0,19.69
3508.0,0.0,21.91
202.0,0.0,19.15
1333.0,0.0,15.39
3503.0,5.0,13.66
2709.0,0.0,20.86
4022.0,0.0,18.65
1855.0,10.0,20.24
4480.0,5.0,16.42
2873.0,0.0,16.64
3031.0,5.0,19.35
1206.0,5.0,10.29
1646.0,0.0,15.29
3418.0,0.0,22.65
3477.0,5.0,11.51
2862.0,0.0,20.52
1793.0,0.0,26.32
3798.0,0.0,20.33
3369.0,5.0,21.14
3368.0,5.0,19.28
3534.0,0.0,17.89
3450.0,0.0,25.97
604.0,0.0,15.32
3057.0,0.0,17.69
4371.0,5.0,18.54
127.0,0.0,18.77
3877.0,5.0,19.78
2936.0,0.0,5.19
3532.0,0.0,23.58
2731.0,0.0,20.85
828.0,5.0,25.14
1640.0,5.0,15.7
985.0,0.0,15.7
3282.0,10.0,13.66
4982.0,0.0,24.44
2189.0,0.0,16.2
4623.0,25.0,8.71
2444.0,0.0,11.39
363.0,0.0,23.93
2350.0,0.0,17.83
346.0,0.0,21.76
815.0,0.0,21.43
3206.0,15.0,14.57
4170.0,0.0,26.79
4806.0,0.0,14.6
3326.0,0.0,20.83
4107.0,5.0,14.46
2117.0,5.0,19.74
1835.0,5.0,24.11
794.0,0.0,18.84
4957.0,0.0,21.16
2675.0,0.0,15.73
95.0,0.0,22.02
3757.0,10.0,20.44
2892.0,0.0,23.1
2372.0,0.0,22.59
4420.0,5.0,17.58
4443.0,0.0,21.8
3229.0,5.0,17.12
2854.0,20.0,9.63
2913.0,0.0,18.67
1866.0,0.0,20.31
1858.0,0.0,18.43
2646.0,0.0,21.45
2244.0,0.0,7.9
2337.0,5.0,33.68
951.0,5.0,12.6
3069.0,5.0,26.2
1121.0,0.0,24.06
2598.0,5.0,16.3
2205.0,5.0,25.56
420.0,0.0,8.14
923.0,5.0,27.23
1255.0,0.0,15.81
478.0,5.0,20.35
2036.0,5.0,15.06
1203.0,5.0,17.38
2627.0,5.0,18.45
4829.0,0.0,10.04
1971.0,0.0,26.45
3111.0,5.0,16.18
4019.0,0.0,18.44
2152.0,0.0,18.99
3688.0,0.0,17.19
1998.0,0.0,9.42
4034.0,0.0,23.25
3055.0,5.0,11.01
1249.0,0.0,23.01
2193.0,0.0,21.94
2713.0,0.0,20.88
993.0,0.0,22.18
2191.0,5.0,16.15
3763.0,5.0,24.99
3598.0,5.0,12.45
1319.0,0.0,19.68
1864.0,0.0,23.5
2344.0,10.0,12.75
2450.0,0.0,21.08
2137.0,5.0,18.68
1066.0,5.0,17.98
4971.0,0.0,17.12
2622.0,0.0,14.62
78.0,5.0,17.71
2899.0,0.0,18.31
1315.0,0.0,24.15
4383.0,0.0,17.06
873.0,10.0,13.76
3851.0,5.0,23.83
4798.0,0.0,24.27
2966.0,30.0,10.02
3392.0,0.0,20.18
2561.0,0.0,18.35
4907.0,5.0,28.1
2636.0,0.0,25.54
3531.0,5.0,32.91
376.0,0.0,25.49
1909.0,0.0,15.8
4343.0,0.0,26.23
4832.0,0.0,18.9
4028.0,0.0,11.21
1605.0,0.0,25.14
1119.0,0.0,20.81
3678.0,0.0,22.68
3491.0,0.0,23.16
4875.0,10.0,14.12
2959.0,0.0,17.07
1995.0,5.0,14.92
4966.0,0.0,16.07
4366.0,0.0,23.37
2377.0,0.0,14.85
1343.0,0.0,24.66
321.0,0.0,21.95
1620.0,5.0,17.96
3714.0,0.0,15.96
2061.0,0.0,19.93
2220.0,0.0,16.82
1674.0,10.0,13.42
261.0,0.0,16.81
4428.0,0.0,12.85
2040.0,0.0,11.47
902.0,0.0,20.76
3745.0,5.0,22.11
2027.0,0.0,16.93
4235.0,0.0,20.66
1918.0,0.0,22.84
1829.0,15.0,12.97
1574.0,20.0,14.46
4405.0,10.0,16.16
4209.0,5.0,15.38
225.0,5.0,19.16
724.0,0.0,18.99
4686.0,0.0,11.73
1142.0,0.0,11.94
2763.0,5.0,14.71
847.0,0.0,30.35
2552.0,0.0,21.56
2929.0,0.0,16.19
118.0,30.0,10.71
646.0,0.0,13.88
4.0,0.0,21.3
4171.0,0.0,19.96
468.0,0.0,31.42
6.0,5.0,16.22
920.0,0.0,17.76
2596.0,5.0,14.28
1064.0,0.0,17.79
2591.0,0.0,16.07
243.0,0.0,15.64
1161.0,0.0,22.12
2871.0,0.0,18.49
3736.0,0.0,16.8
2398.0,0.0,12.69
3518.0,5.0,15.91
3422.0,0.0,14.99
2564.0,0.0,20.04
1606.0,0.0,11.77
4839.0,0.0,19.7
2325.0,0.0,14.65
2710.0,5.0,9.93
4409.0,0.0,19.22
1313.0,0.0,18.63
3449.0,5.0,16.22
3813.0,0.0,17.81
4666.0,5.0,24.25
2363.0,20.0,13.13
1976.0,5.0,13.87
3515.0,0.0,23.41
1762.0,5.0,13.69
2740.0,0.0,18.7
4670.0,5.0,12.64
2473.0,5.0,13.24
4008.0,5.0,20.84
1494.0,10.0,13.79
4207.0,0.0,22.87
2159.0,0.0,19.12
1170.0,5.0,19.93
4527.0,0.0,15.94
233.0,10.0,14.89
67.0,5.0,15.93
1604.0,0.0,20.46
3284.0,15.0,20.29
3597.0,5.0,14.91
126.0,5.0,23.49
1297.0,5.0,12.21
1977.0,0.0,16.13
4528.0,0.0,18.49
4534.0,15.0,14.3
2076.0,0.0,11.87
3087.0,0.0,21.95
4356.0,0.0,16.03
3346.0,5.0,13.53
4920.0,0.0,23.85
2798.0,0.0,16.47
919.0,0.0,18.7
1647.0,0.0,17.65
365.0,0.0,24.11
3288.0,0.0,25.7
2126.0,0.0,14.98
4124.0,0.0,24.36
526.0,0.0,15.51
56.0,5.0,15.3
639.0,10.0,18.22
303.0,5.0,18.17
2767.0,0.0,16.14
1277.0,5.0,15.58
2056.0,0.0,18.6
3645.0,0.0,17.82
4144.0,0.0,22.12
2879.0,0.0,7.91
4203.0,5.0,16.53
2287.0,5.0,13.74
2262.0,0.0,20.43
2297.0,5.0,22.6
1754.0,0.0,18.13
1969.0,0.0,21.18
4362.0,0.0,15.83
3118.0,0.0,19.43
2394.0,5.0,20.23
524.0,5.0,20.61
3901.0,5.0,27.25
3123.0,10.0,19.75
4157.0,10.0,15.84
1970.0,5.0,16.43
672.0,0.0,24.29
4189.0,0.0,16.46
667.0,0.0,18.95
4349.0,5.0,17.82
1888.0,5.0,18.4
3267.0,5.0,17.12
281.0,0.0,17.89
1720.0,0.0,20.88
2948.0,0.0,19.86
900.0,0.0,21.02
4861.0,0.0,17.59
761.0,0.0,30.51
1907.0,0.0,9.05
4043.0,0.0,13.72
3824.0,25.0,11.01
4139.0,5.0,10.59
3819.0,0.0,19.87
4301.0,0.0,24.93
2594.0,0.0,22.64
4165.0,5.0,19.73
3032.0,0.0,23.76
3580.0,5.0,23.3
2833.0,5.0,14.89
3473.0,0.0,24.98
138.0,0.0,18.98
2181.0,0.0,22.03
2129.0,0.0,15.11
3178.0,0.0,16.52
4378.0,0.0,20.15
4262.0,5.0,23.94
4345.0,5.0,15.83
1332.0,0.0,16.76
2018.0,0.0,24.24
2483.0,0.0,21.31
1359.0,0.0,23.03
1330.0,0.0,22.55
2151.0,15.0,15.37
2123.0,10.0,8.39
3982.0,5.0,15.8
1253.0,0.0,20.9
3279.0,0.0,14.36
3375.0,0.0,18.2
2815.0,30.0,4.92
1849.0,5.0,10.24
3038.0,0.0,11.33
389.0,0.0,19.81
236.0,0.0,17.73
1078.0,5.0,16.6
1985.0,15.0,12.15
4364.0,5.0,11.13
3963.0,5.0,17.36
771.0,0.0,23.4
2166.0,0.0,23.79
674.0,0.0,19.6
250.0,10.0,15.83
1575.0,5.0,16.47
3420.0,0.0,22.21
2082.0,0.0,25.59
1824.0,0.0,24.24
717.0,0.0,23.97
4679.0,20.0,14.31
2049.0,0.0,26.29
4179.0,10.0,11.64
2725.0,5.0,14.9
4532.0,30.0,13.43
1461.0,0.0,21.57
1669.0,10.0,16.99
2757.0,0.0,17.58
2001.0,0.0,18.68
405.0,0.0,23.0
385.0,0.0,23.93
4503.0,0.0,7.02
2153.0,0.0,23.1
1634.0,10.0,13.12
4597.0,5.0,24.03
3926.0,5.0,16.96
4159.0,0.0,17.83
224.0,10.0,12.72
2194.0,10.0,16.82
3137.0,5.0,19.36
1825.0,5.0,13.91
4611.0,5.0,13.29
798.0,0.0,18.74
2872.0,0.0,19.73
10.0,0.0,16.86
1945.0,5.0,19.17
1839.0,5.0,24.46
256.0,0.0,17.88
4519.0,5.0,18.11
1582.0,10.0,14.89
2957.0,0.0,19.93
925.0,10.0,14.76
4440.0,0.0,15.2
2509.0,0.0,15.87
3776.0,15.0,11.38
4137.0,0.0,19.4
2780.0,25.0,12.5
540.0,5.0,16.41
2746.0,0.0,15.94
4509.0,0.0,11.59
4582.0,0.0,15.79
1146.0,0.0,18.7
668.0,5.0,18.42
3020.0,0.0,14.54
358.0,5.0,17.69
2832.0,10.0,20.44
2784.0,10.0,20.2
1354.0,0.0,16.12
471.0,10.0,15.26
2704.0,0.0,11.85
3331.0,0.0,17.68
3638.0,0.0,21.7
1397.0,0.0,24.94
3585.0,0.0,20.59
4758.0,0.0,23.25
3377.0,0.0,19.13
1257.0,5.0,21.79
3513.0,0.0,19.79
1251.0,0.0,16.68
4818.0,5.0,19.76
4299.0,0.0,13.59
3285.0,0.0,22.44
2934.0,0.0,12.3
4176.0,0.0,18.35
1853.0,5.0,23.03
4880.0,0.0,21.01
2106.0,0.0,12.87
134.0,5.0,15.37
929.0,0.0,24.57
824.0,0.0,20.07
4554.0,5.0,14.28
1532.0,0.0,22.6
1215.0,0.0,16.53
505.0,0.0,21.29
4286.0,5.0,20.02
1997.0,0.0,17.59
3073.0,0.0,12.04
1959.0,0.0,17.9
1385.0,0.0,17.38
895.0,5.0,15.91
456.0,5.0,24.82
4647.0,5.0,16.37
3710.0,0.0,19.6
4629.0,5.0,28.44
4269.0,0.0,20.47
3523.0,0.0,17.19
4135.0,5.0,13.86
3603.0,25.0,8.33
714.0,0.0,29.32
4187.0,5.0,26.68
2215.0,25.0,9.4
2924.0,10.0,8.51
1811.0,0.0,18.23
3487.0,0.0,17.86
3142.0,0.0,23.71
1828.0,0.0,12.33
1156.0,0.0,28.0
1325.0,0.0,25.72
4313.0,5.0,18.23
511.0,0.0,16.47
1681.0,10.0,15.91
500.0,0.0,19.11
4547.0,0.0,14.83
1857.0,0.0,24.9
1389.0,5.0,16.78
3720.0,5.0,20.93
2387.0,0.0,14.91
3237.0,5.0,19.65
1541.0,5.0,15.74
1218.0,5.0,12.76
2682.0,0.0,16.19
2994.0,5.0,16.15
1192.0,0.0,29.76
1543.0,5.0,19.34
3302.0,0.0,15.33
3325.0,0.0,16.39
2540.0,5.0,20.5
954.0,0.0,14.98
4331.0,5.0,20.94
733.0,5.0,28.33
1157.0,0.0,22.51
3295.0,0.0,24.17
2983.0,0.0,24.13
2157.0,5.0,13.73
1063.0,5.0,18.75
2617.0,0.0,21.08
1168.0,5.0,5.58
3223.0,5.0,13.12
3637.0,5.0,18.85
2939.0,0.0,18.23
4492.0,0.0,14.05
3141.0,0.0,19.61
144.0,5.0,16.86
3578.0,5.0,20.37
2783.0,0.0,18.34
718.0,5.0,18.55
1820.0,10.0,19.72
2503.0,0.0,9.28
4361.0,0.0,25.69
4172.0,0.0,20.02
396.0,0.0,21.58
4847.0,0.0,24.53
4493.0,0.0,9.49
1366.0,0.0,22.72
4569.0,0.0,22.68
596.0,0.0,21.07
3953.0,0.0,20.74
2915.0,0.0,14.5
2327.0,0.0,18.76
3767.0,0.0,20.91
3441.0,5.0,17.2
3852.0,5.0,13.01
4133.0,0.0,26.43
4602.0,5.0,17.83
2144.0,0.0,23.27
1572.0,5.0,12.72
4080.0,25.0,13.86
1123.0,20.0,12.06
2787.0,5.0,11.71
2968.0,5.0,18.63
2505.0,0.0,24.27
3466.0,5.0,26.77
676.0,0.0,20.49
2809.0,0.0,23.54
3349.0,0.0,17.63
729.0,5.0,19.22
413.0,10.0,14.33
3147.0,0.0,22.44
1517.0,0.0,21.97
826.0,0.0,16.56
3268.0,30.0,12.59
3975.0,0.0,16.38
617.0,0.0,20.38
115.0,0.0,31.18
418.0,0.0,28.03
3070.0,5.0,19.65
1626.0,20.0,20.45
4961.0,30.0,6.13
4186.0,0.0,20.94
2897.0,0.0,13.4
4682.0,0.0,23.75
2083.0,0.0,21.79
754.0,0.0,24.78
2547.0,0.0,22.25
3970.0,0.0,18.62
3374.0,0.0,18.86
4108.0,0.0,14.93
2445.0,0.0,14.28
4381.0,5.0,24.34
1067.0,0.0,17.06
3914.0,0.0,12.11
3499.0,0.0,20.87
2739.0,0.0,24.75
4001.0,0.0,21.13
1569.0,0.0,15.18
2428.0,5.0,10.05
3747.0,0.0,18.44
4650.0,0.0,20.3
1688.0,0.0,20.93
852.0,0.0,19.07
3547.0,5.0,19.78
896.0,0.0,21.11
4593.0,5.0,19.21
336.0,10.0,15.76
2840.0,0.0,20.19
3088.0,5.0,12.49
1349.0,0.0,21.09
1016.0,5.0,14.66
2817.0,5.0,14.79
1632.0,0.0,16.6
2490.0,0.0,15.18
3731.0,0.0,17.85
3252.0,0.0,13.78
4645.0,0.0,26.2
2071.0,0.0,17.6
4453.0,0.0,23.9
4893.0,20.0,13.75
1636.0,0.0,19.37
2480.0,0.0,17.95
2266.0,5.0,18.4
2960.0,0.0,20.97
4742.0,0.0,18.75
3060.0,0.0,25.06
2142.0,5.0,16.15
3119.0,0.0,17.27
4757.0,0.0,24.54
4046.0,0.0,21.03
3357.0,5.0,16.98
2745.0,0.0,14.76
3507.0,0.0,23.0
1680.0,0.0,15.78
4250.0,0.0,30.4
3148.0,0.0,14.24
2295.0,0.0,18.05
581.0,0.0,16.4
1471.0,5.0,18.92
4071.0,0.0,20.13
3344.0,0.0,13.17
4584.0,0.0,20.19
3673.0,0.0,26.7
560.0,5.0,14.51
2850.0,0.0,34.7
513.0,5.0,10.98
1082.0,5.0,11.3
1665.0,0.0,16.57
1013.0,5.0,17.2
1932.0,0.0,23.06
1151.0,5.0,19.42
2839.0,0.0,25.64
117.0,0.0,29.68
741.0,0.0,22.24
4817.0,0.0,19.85
3676.0,5.0,22.98
831.0,5.0,13.72
120.0,0.0,15.47
4790.0,5.0,24.2
4749.0,0.0,19.91
636.0,5.0,8.02
4466.0,5.0,20.04
4365.0,0.0,11.72
4143.0,5.0,17.48
992.0,5.0,22.31
877.0,0.0,25.78
5.0,0.0,19.51
3052.0,5.0,17.46
3125.0,0.0,15.82
2661.0,0.0,14.09
2492.0,0.0,20.3
3855.0,5.0,22.67
1716.0,5.0,14.63
1149.0,0.0,8.52
3262.0,0.0,15.53
575.0,0.0,22.11
3770.0,5.0,15.19
3737.0,0.0,23.65
4147.0,5.0,15.97
854.0,20.0,14.2
1983.0,5.0,15.71
2775.0,5.0,17.8
1167.0,0.0,29.27
972.0,0.0,20.58
2702.0,5.0,15.25
4496.0,0.0,22.48
3848.0,0.0,14.39
2369.0,0.0,26.04
4116.0,10.0,5.58
4132.0,0.0,17.28
2951.0,0.0,14.86
525.0,0.0,22.21
2456.0,5.0,20.38
1842.0,30.0,11.01
538.0,0.0,21.67
2807.0,0.0,16.52
4342.0,0.0,24.36
3176.0,5.0,16.35
785.0,5.0,19.64
4058.0,0.0,16.7
1410.0,0.0,23.3
2538.0,5.0,14.15
155.0,0.0,21.58
3010.0,0.0,10.82
1687.0,5.0,21.56
2902.0,0.0,16.91
4960.0,0.0,10.32
3864.0,0.0,16.4
2734.0,5.0,13.01
1896.0,30.0,11.44
570.0,0.0,14.61
1817.0,0.0,17.79
2066.0,0.0,20.29
128.0,0.0,23.46
3395.0,0.0,21.17
3328.0,0.0,20.72
4997.0,5.0,22.6
2976.0,0.0,15.45
981.0,5.0,15.82
2301.0,5.0,12.36
191.0,0.0,22.23
1140.0,0.0,22.69
700.0,0.0,9.13
4791.0,0.0,17.8
607.0,5.0,15.59
4277.0,0.0,24.94
302.0,10.0,14.81
3421.0,5.0,17.31
4831.0,5.0,15.51
1061.0,0.0,13.08
2566.0,0.0,12.03
1070.0,10.0,13.61
2525.0,0.0,16.68
2206.0,5.0,12.21
1244.0,0.0,20.91
17.0,0.0,15.05
3121.0,0.0,25.27
4643.0,10.0,18.38
816.0,20.0,19.53
3068.0,0.0,16.84
4795.0,10.0,20.21
960.0,0.0,25.02
226.0,0.0,22.55
3355.0,0.0,18.31
2486.0,0.0,18.81
563.0,0.0,20.25
3437.0,5.0,19.27
1694.0,0.0,18.46
1046.0,0.0,9.49
3447.0,0.0,22.66
4566.0,0.0,21.12
955.0,5.0,14.88
4996.0,5.0,18.49
2736.0,15.0,15.21
4914.0,0.0,20.42
4736.0,20.0,12.56
4834.0,10.0,14.72
1219.0,0.0,25.83
1528.0,5.0,13.79
3988.0,5.0,14.86
1301.0,0.0,24.86
4902.0,0.0,16.83
161.0,20.0,8.28
4068.0,0.0,32.5
957.0,5.0,15.94
3792.0,0.0,21.38
3235.0,5.0,19.18
2870.0,5.0,16.85
3778.0,10.0,15.83
4434.0,0.0,19.83
2962.0,0.0,14.64
2201.0,0.0,21.83
99.0,5.0,11.18
2558.0,0.0,28.19
3184.0,0.0,23.04
254.0,0.0,22.06
3924.0,0.0,18.99
4200.0,0.0,14.27
1446.0,5.0,19.32
1649.0,0.0,23.59
4683.0,0.0,23.15
4724.0,0.0,20.73
3992.0,0.0,17.58
1697.0,0.0,13.69
3192.0,5.0,22.89
4500.0,10.0,17.27
1155.0,5.0,27.14
2256.0,25.0,14.13
1683.0,5.0,6.0
3171.0,5.0,22.1
2057.0,0.0,27.4
4091.0,5.0,14.99
3109.0,0.0,16.96
4549.0,0.0,13.07
3724.0,0.0,20.49
2050.0,0.0,16.73
3644.0,25.0,15.43
4938.0,5.0,15.3
624.0,0.0,12.76
263.0,5.0,17.07
3370.0,0.0,11.14
4062.0,0.0,23.75
1803.0,10.0,9.68
4737.0,0.0,28.01
2386.0,0.0,14.86
1960.0,0.0,18.31
2977.0,0.0,24.14
489.0,0.0,17.07
1844.0,15.0,11.29
1735.0,0.0,12.65
2912.0,0.0,22.09
3220.0,0.0,20.73
147.0,0.0,21.58
1987.0,0.0,8.71
1370.0,0.0,22.78
2812.0,5.0,19.0
660.0,0.0,22.35
1795.0,5.0,14.35
2512.0,0.0,13.21
3398.0,0.0,16.82
4283.0,5.0,22.67
1148.0,5.0,15.07
3273.0,0.0,28.25
609.0,0.0,16.99
3583.0,5.0,16.06
1931.0,0.0,18.24
198.0,5.0,16.4
2932.0,0.0,13.75
2328.0,5.0,15.1
4390.0,5.0,29.15
767.0,0.0,21.84
4497.0,0.0,19.31
4219.0,0.0,25.95
3256.0,0.0,20.46
203.0,0.0,11.49
3511.0,5.0,12.48
1734.0,0.0,17.99
2778.0,5.0,16.88
1708.0,0.0,25.89
3475.0,10.0,13.74
855.0,0.0,22.42
4738.0,5.0,21.61
4098.0,0.0,26.77
2161.0,0.0,18.05
699.0,5.0,12.75
4958.0,0.0,26.7
3000.0,0.0,21.5
3697.0,0.0,20.95
1637.0,0.0,15.86
3458.0,0.0,13.77
3582.0,5.0,27.1
1292.0,0.0,15.49
4660.0,0.0,22.95
1854.0,10.0,10.31
3764.0,5.0,14.31
3305.0,0.0,10.7
4923.0,5.0,24.67
3744.0,5.0,15.67
3446.0,0.0,23.8
1999.0,10.0,15.67
664.0,0.0,16.1
4780.0,10.0,9.8
3749.0,0.0,20.49
4414.0,0.0,11.09
4745.0,0.0,11.07
710.0,25.0,14.54
1283.0,5.0,15.7
2676.0,5.0,16.63
4030.0,0.0,22.46
1307.0,15.0,11.67
2238.0,5.0,12.41
3303.0,5.0,15.0
2039.0,0.0,19.37
1530.0,30.0,9.6
1664.0,5.0,14.32
4945.0,0.0,15.6
4964.0,5.0,21.12
3628.0,30.0,10.84
2694.0,5.0,20.05
3061.0,0.0,20.01
1598.0,0.0,17.04
2730.0,0.0,9.95
2626.0,0.0,18.5
3158.0,20.0,14.01
3315.0,0.0,21.8
1723.0,0.0,22.19
1060.0,0.0,21.44
4637.0,5.0,10.46
3243.0,5.0,19.7
1679.0,5.0,14.3
1758.0,0.0,19.4
4192.0,0.0,21.88
564.0,0.0,18.44
2791.0,0.0,15.48
864.0,5.0,19.4
1485.0,0.0,22.29
207.0,20.0,14.63
4489.0,0.0,22.76
871.0,0.0,21.81
4494.0,5.0,15.7
503.0,5.0,18.74
1029.0,5.0,18.17
3841.0,0.0,18.44
2691.0,0.0,10.72
1571.0,0.0,20.68
2774.0,0.0,23.36
2732.0,0.0,16.59
805.0,0.0,31.24
3646.0,5.0,13.84
2455.0,0.0,17.92
4599.0,15.0,16.47
3105.0,0.0,24.19
4876.0,5.0,20.73
201.0,0.0,13.21
3100.0,0.0,29.3
2279.0,0.0,18.78
3562.0,0.0,17.3
4475.0,5.0,16.74
4515.0,0.0,24.35
392.0,0.0,15.08
1496.0,5.0,15.69
2696.0,0.0,21.41
2028.0,0.0,14.24
2569.0,0.0,17.69
65.0,0.0,15.62
3885.0,0.0,14.23
2063.0,10.0,19.97
493.0,5.0,17.12
380.0,0.0,24.31
4860.0,0.0,24.62
3994.0,0.0,22.77
4888.0,5.0,25.95
1077.0,5.0,22.52
879.0,0.0,20.17
338.0,10.0,18.55
1017.0,0.0,16.56
1276.0,0.0,18.69
3799.0,0.0,19.1
4552.0,0.0,28.8
3343.0,5.0,19.21
4912.0,0.0,22.31
996.0,10.0,17.42
1982.0,0.0,20.29
4298.0,0.0,23.55
162.0,0.0,14.25
4799.0,0.0,25.15
1501.0,0.0,24.03
3844.0,0.0,20.25
2614.0,5.0,20.46
3462.0,0.0,15.41
1022.0,0.0,23.94
3074.0,0.0,24.15
3944.0,10.0,23.88
1586.0,0.0,18.44
1956.0,0.0,13.46
3153.0,0.0,25.43
35.0,0.0,22.48
4015.0,0.0,21.84
776.0,5.0,18.55
2557.0,20.0,14.45
1479.0,0.0,21.29
1364.0,0.0,18.43
2613.0,0.0,26.24
2825.0,15.0,16.67
2042.0,0.0,26.97
242.0,0.0,15.78
2062.0,5.0,16.86
2364.0,0.0,21.81
601.0,0.0,27.67
2436.0,0.0,12.5
2889.0,0.0,12.53
647.0,5.0,14.88
3891.0,10.0,11.43
3557.0,5.0,16.24
3203.0,0.0,20.69
1529.0,0.0,11.01
1268.0,0.0,24.34
1900.0,0.0,18.48
4659.0,0.0,22.11
3006.0,0.0,11.18
2735.0,0.0,29.82
190.0,5.0,16.06
1807.0,0.0,29.02
976.0,0.0,21.77
2748.0,0.0,20.55
2048.0,0.0,22.67
2559.0,0.0,26.83
1083.0,0.0,21.05
475.0,0.0,23.31
2905.0,0.0,13.36
4844.0,0.0,16.14
4118.0,0.0,9.75
3386.0,0.0,19.83
4556.0,5.0,28.97
1185.0,0.0,28.92
2434.0,15.0,14.12
2392.0,0.0,14.61
770.0,0.0,17.96
1686.0,0.0,10.51
131.0,0.0,21.42
2920.0,0.0,21.51
3172.0,20.0,10.03
3445.0,5.0,17.58
4427.0,0.0,12.24
467.0,0.0,21.66
3093.0,0.0,20.18
3773.0,30.0,13.59
861.0,5.0,18.83
